fname,lname,phone,checkin,checkout,chekout,roomid,roomstatus,roomtype,roomprice,roombed
Emmi,Grahame,956 511 0647,08/02/2023,12/05/2023,false,1,true,M,$7.86,1
Agnola,Leavy,289 901 9534,11/29/2023,12/05/2023,false,2,false,XS,$5.90,2
Luciana,Blackler,753 225 5490,04/23/2023,12/05/2023,false,3,true,3XL,$3.34,3
Jennilee,Ormesher,134 357 5046,12/31/2022,12/05/2023,true,4,false,XL,$6.47,4
Rogers,Caulket,393 805 4508,07/23/2023,12/05/2023,true,5,false,2XL,$2.85,5
Valentino,Oglevie,236 691 4291,11/02/2023,12/05/2023,false,6,false,3XL,$6.83,6
Raynard,Bleyman,995 182 2395,10/19/2023,12/05/2023,true,7,true,L,$5.92,7
Alain,Rolin,473 452 7524,06/25/2023,12/05/2023,false,8,false,3XL,$9.18,8
Leesa,Euler,391 561 3552,09/10/2023,12/05/2023,false,9,false,XS,$0.56,9
Ber,Abramowitch,627 807 6014,01/13/2023,12/05/2023,true,10,true,M,$0.37,10
Demetris,Messer,759 759 2639,09/30/2023,12/05/2023,false,11,true,L,$3.15,11
Anetta,Cholton,508 287 8267,06/16/2023,12/05/2023,false,12,false,L,$0.55,12
Chelsey,Loalday,876 966 1575,04/28/2023,12/05/2023,true,13,true,2XL,$2.68,13
Casar,Cooling,522 427 4005,01/01/2023,12/05/2023,true,14,false,S,$9.92,14
Petronia,Cranson,996 631 5398,09/13/2023,12/05/2023,false,15,true,3XL,$1.71,15
Agatha,Cowitz,656 366 1986,12/31/2022,12/05/2023,false,16,true,S,$6.91,16
Barry,Gasnell,893 986 5729,11/03/2023,12/05/2023,false,17,false,2XL,$8.52,17
Davina,Borgars,335 433 4295,03/23/2023,12/05/2023,false,18,false,3XL,$2.14,18
Caryl,Gosselin,410 546 8184,04/02/2023,12/05/2023,false,19,false,XL,$9.71,19
Leann,Shemilt,550 326 5371,10/14/2023,12/05/2023,false,20,true,M,$7.66,20
Monique,Pero,491 769 7006,05/19/2023,12/05/2023,true,21,false,L,$4.83,21
Bess,Coppeard,951 256 9749,11/11/2023,12/05/2023,true,22,true,2XL,$8.34,22
Bealle,Ambrus,671 647 7713,09/29/2023,12/05/2023,true,23,true,XS,$9.46,23
Brook,De Hooch,813 253 7255,11/16/2023,12/05/2023,true,24,true,S,$2.21,24
Hayley,Binestead,836 407 0889,04/11/2023,12/05/2023,false,25,false,XL,$8.30,25
Dukey,Hardwich,882 755 5722,02/23/2023,12/05/2023,false,26,true,3XL,$3.28,26
Amandy,Hankin,628 579 1680,06/06/2023,12/05/2023,true,27,true,L,$6.59,27
Oralle,Badby,860 163 0962,12/03/2023,12/05/2023,true,28,true,S,$8.68,28
Urson,Maciejewski,198 401 3281,02/19/2023,12/05/2023,false,29,false,L,$3.87,29
Rhett,Birkbeck,735 351 9867,12/28/2022,12/05/2023,false,30,true,2XL,$4.31,30
Gill,Chellam,657 454 3528,03/12/2023,12/05/2023,true,31,true,M,$4.62,31
Daphna,Oxenham,614 574 7287,01/06/2023,12/05/2023,false,32,false,L,$2.37,32
Karisa,Harner,724 349 7911,03/02/2023,12/05/2023,false,33,true,L,$5.03,33
Allina,Baudin,742 287 3044,01/10/2023,12/05/2023,false,34,true,3XL,$2.16,34
Missie,Chillistone,117 939 0885,07/29/2023,12/05/2023,true,35,true,L,$0.32,35
Reade,Raffon,934 115 8129,07/02/2023,12/05/2023,true,36,false,3XL,$4.18,36
Nert,Haking,640 689 9645,12/05/2022,12/05/2023,false,37,false,S,$1.53,37
Pavla,Rowbottom,188 608 7333,05/12/2023,12/05/2023,false,38,true,2XL,$1.49,38
Whittaker,Hammonds,658 287 7345,11/21/2023,12/05/2023,false,39,false,2XL,$3.12,39
Delaney,Maddams,967 656 6167,08/28/2023,12/05/2023,true,40,false,XS,$8.27,40
Kerianne,Caine,452 361 0319,09/19/2023,12/05/2023,false,41,false,3XL,$9.11,41
Xever,Metzke,251 201 5592,05/31/2023,12/05/2023,true,42,false,XS,$9.37,42
Aura,Cleynman,299 328 4700,02/01/2023,12/05/2023,true,43,false,L,$5.67,43
Carissa,Glazzard,370 130 5580,09/25/2023,12/05/2023,false,44,true,S,$7.85,44
Blythe,Ramiro,149 907 0460,01/19/2023,12/05/2023,false,45,false,XL,$9.23,45
Aloysius,Acreman,829 217 8184,05/17/2023,12/05/2023,false,46,false,XL,$0.86,46
Nonna,Dimitresco,426 414 6432,05/10/2023,12/05/2023,false,47,false,L,$1.37,47
Domenic,Wornum,861 454 6817,08/04/2023,12/05/2023,false,48,true,XL,$6.43,48
Yovonnda,Pegler,670 984 8268,07/01/2023,12/05/2023,true,49,false,L,$7.23,49
Karlyn,Hardin,933 902 3368,11/08/2023,12/05/2023,true,50,true,S,$9.22,50
Christophorus,Di Maggio,199 490 9526,06/01/2023,12/05/2023,false,51,true,M,$2.96,51
Deana,Nowland,591 313 0897,07/17/2023,12/05/2023,true,52,false,M,$0.73,52
Oona,Josef,456 664 2858,07/05/2023,12/05/2023,false,53,true,2XL,$0.73,53
Darbee,Varren,948 929 0535,03/31/2023,12/05/2023,true,54,true,2XL,$3.87,54
Neil,Heaviside,508 670 9017,03/21/2023,12/05/2023,true,55,false,3XL,$1.88,55
Josi,Ault,592 562 9551,04/30/2023,12/05/2023,false,56,false,2XL,$2.53,56
Chick,Mouat,838 717 8845,10/29/2023,12/05/2023,false,57,true,XL,$0.52,57
Wilfred,Tooley,333 514 0192,04/11/2023,12/05/2023,false,58,false,XS,$1.71,58
Electra,Barlee,490 725 1169,08/23/2023,12/05/2023,false,59,false,2XL,$3.11,59
Hamel,Sturr,771 341 7307,08/05/2023,12/05/2023,false,60,true,L,$5.89,60
Errol,Hamlington,720 949 9256,04/03/2023,12/05/2023,false,61,false,XS,$1.08,61
Ellsworth,Darwood,642 706 6473,02/08/2023,12/05/2023,true,62,false,XL,$8.74,62
Blaire,Rutter,143 861 4773,03/01/2023,12/05/2023,false,63,false,XL,$9.25,63
Hedwiga,Divall,984 623 6969,06/05/2023,12/05/2023,true,64,true,2XL,$4.38,64
Vergil,Ladon,844 186 3885,02/24/2023,12/05/2023,false,65,false,M,$7.99,65
Leonora,Vouls,452 882 4666,08/05/2023,12/05/2023,false,66,true,M,$6.36,66
Dom,Carpe,212 845 8103,07/29/2023,12/05/2023,true,67,false,XS,$2.80,67
Felicia,Frankcomb,325 140 7527,03/29/2023,12/05/2023,true,68,false,M,$5.42,68
Truman,Tremmel,422 801 7964,08/31/2023,12/05/2023,true,69,true,2XL,$8.20,69
Sileas,Truckett,721 169 2013,10/28/2023,12/05/2023,true,70,false,M,$3.45,70
Hewett,Duplock,373 842 5569,11/04/2023,12/05/2023,true,71,false,XL,$8.04,71
Adella,Elflain,363 195 5665,12/07/2022,12/05/2023,true,72,true,XS,$5.27,72
Flinn,McKelvie,719 791 2366,07/14/2023,12/05/2023,false,73,true,XL,$6.38,73
Corena,Greedier,753 434 1866,07/02/2023,12/05/2023,false,74,true,XL,$8.65,74
Bentlee,Forman,757 336 8131,11/15/2023,12/05/2023,true,75,true,XS,$6.78,75
Malina,Fendlen,630 504 3542,09/16/2023,12/05/2023,false,76,false,XL,$6.08,76
Christiano,Aupol,679 544 9874,07/14/2023,12/05/2023,true,77,false,L,$5.24,77
Anette,Crackett,547 410 1487,09/29/2023,12/05/2023,false,78,false,XL,$9.01,78
Bertram,Fleming,186 288 9133,05/03/2023,12/05/2023,false,79,false,3XL,$9.08,79
Ezequiel,Imorts,190 967 5416,11/05/2023,12/05/2023,false,80,true,S,$5.60,80
Lindon,Lintot,688 768 4294,12/11/2022,12/05/2023,true,81,true,M,$4.15,81
Huberto,Twopenny,571 607 2407,03/20/2023,12/05/2023,true,82,false,S,$7.59,82
Phyllis,Mundwell,401 344 1287,04/12/2023,12/05/2023,false,83,false,XL,$1.22,83
Anna-diana,D'Enrico,961 570 8107,05/17/2023,12/05/2023,true,84,true,XS,$1.93,84
Kerk,Toovey,690 236 1303,12/01/2023,12/05/2023,true,85,true,M,$9.68,85
Chev,Strawbridge,505 462 1338,01/14/2023,12/05/2023,false,86,true,M,$5.88,86
Raphaela,Graeme,958 679 8881,10/23/2023,12/05/2023,false,87,true,2XL,$7.60,87
Ogdan,Vassman,960 771 8707,05/10/2023,12/05/2023,true,88,true,3XL,$8.39,88
Merell,Ducarne,377 860 9758,04/02/2023,12/05/2023,false,89,true,3XL,$3.45,89
Shermy,Karp,526 486 1263,07/16/2023,12/05/2023,true,90,false,XS,$4.04,90
Hunt,Begbie,139 796 2021,03/18/2023,12/05/2023,true,91,false,XS,$3.59,91
Tremaine,Eccott,658 663 3244,04/16/2023,12/05/2023,true,92,false,S,$8.26,92
Danita,Carlett,705 265 3372,09/12/2023,12/05/2023,false,93,true,XS,$2.71,93
Coop,Polglase,923 740 8481,05/24/2023,12/05/2023,false,94,true,2XL,$6.72,94
Roxy,Whithalgh,731 607 7443,10/05/2023,12/05/2023,false,95,false,S,$1.58,95
De,Strickler,989 818 4137,08/18/2023,12/05/2023,true,96,false,2XL,$7.34,96
Horst,Ainge,775 581 4233,09/09/2023,12/05/2023,false,97,true,XL,$2.22,97
Darcee,Hardan,503 703 8335,02/11/2023,12/05/2023,true,98,true,S,$3.57,98
Alameda,Regi,308 366 7710,10/16/2023,12/05/2023,false,99,true,M,$8.89,99
Em,Collicott,949 262 5071,10/29/2023,12/05/2023,true,100,false,2XL,$8.11,100
Lorelle,Renvoys,132 133 9335,09/25/2023,12/05/2023,true,101,true,2XL,$2.55,101
Greg,Pettinger,837 516 7140,09/02/2023,12/05/2023,true,102,true,3XL,$6.11,102
Rhodia,Breddy,449 327 4507,10/29/2023,12/05/2023,false,103,false,2XL,$0.81,103
Renee,Heeps,907 398 2940,02/20/2023,12/05/2023,false,104,false,XL,$2.43,104
Pryce,Nelles,796 836 0912,03/27/2023,12/05/2023,true,105,true,XL,$8.73,105
Jolene,Dinnies,452 229 8390,12/15/2022,12/05/2023,false,106,false,3XL,$2.17,106
Quint,Bohike,988 209 4416,01/13/2023,12/05/2023,false,107,false,XL,$9.84,107
Sarita,Pancost,777 593 4956,12/30/2022,12/05/2023,false,108,true,3XL,$5.70,108
Killian,Jantzen,689 606 7925,06/11/2023,12/05/2023,true,109,false,M,$7.57,109
Melinde,Corpe,814 778 7758,10/25/2023,12/05/2023,false,110,false,XS,$9.38,110
Brendan,Breslane,490 279 9711,10/23/2023,12/05/2023,true,111,false,M,$4.46,111
Melonie,Kingscote,518 265 2749,09/04/2023,12/05/2023,true,112,false,S,$3.37,112
Tamara,Symson,727 885 7701,02/10/2023,12/05/2023,true,113,false,L,$5.93,113
Talia,Ainsby,899 609 8357,06/14/2023,12/05/2023,true,114,false,M,$9.33,114
Raeann,Kinforth,420 726 5835,05/24/2023,12/05/2023,true,115,true,S,$6.15,115
Elton,Fillon,719 190 6281,12/22/2022,12/05/2023,true,116,true,2XL,$2.53,116
Lynnea,Clemitt,547 603 1892,10/18/2023,12/05/2023,false,117,true,S,$9.10,117
Obadias,Lissandrini,149 430 1757,10/06/2023,12/05/2023,true,118,false,M,$9.49,118
Gerhardine,Meaton,222 608 1109,06/07/2023,12/05/2023,false,119,false,XL,$1.79,119
Shermy,Sallinger,921 644 5662,05/02/2023,12/05/2023,true,120,true,S,$5.87,120
Julian,Kaygill,272 686 3033,08/13/2023,12/05/2023,true,121,false,XS,$1.54,121
Gay,McNellis,576 636 7429,02/20/2023,12/05/2023,true,122,true,S,$2.63,122
Mariette,Grolle,223 178 2544,03/28/2023,12/05/2023,false,123,false,S,$6.25,123
Clari,Vlasenkov,797 341 2684,12/18/2022,12/05/2023,false,124,true,XL,$2.27,124
Sebastian,Rechert,726 286 1400,06/09/2023,12/05/2023,true,125,false,2XL,$0.41,125
Gary,Shuter,685 893 8725,02/09/2023,12/05/2023,false,126,false,XL,$9.59,126
Millard,Whatling,606 820 6615,06/13/2023,12/05/2023,false,127,true,XS,$5.92,127
Audrie,Barneveld,901 890 2163,01/29/2023,12/05/2023,false,128,true,XS,$9.21,128
Filmer,Godsmark,202 432 6174,01/22/2023,12/05/2023,true,129,false,XS,$2.92,129
Noreen,Leighton,138 145 9332,01/18/2023,12/05/2023,true,130,true,XS,$8.58,130
Hedda,Ainsby,778 485 2775,09/08/2023,12/05/2023,true,131,true,M,$2.48,131
Georgette,Hillock,277 632 6335,07/06/2023,12/05/2023,true,132,true,3XL,$2.74,132
Juline,Dirkin,405 383 0451,10/16/2023,12/05/2023,true,133,false,XS,$8.03,133
Erina,Fones,538 443 0793,12/22/2022,12/05/2023,true,134,true,3XL,$3.70,134
Stacia,Chantree,404 566 1575,08/28/2023,12/05/2023,true,135,true,2XL,$6.49,135
Maryanna,Ottam,222 855 7477,09/16/2023,12/05/2023,true,136,false,L,$8.80,136
Correy,Shapera,526 651 3757,07/31/2023,12/05/2023,false,137,true,M,$7.64,137
Appolonia,Goldthorp,634 140 1350,01/04/2023,12/05/2023,false,138,false,M,$9.03,138
Montgomery,Kochl,765 672 5580,05/22/2023,12/05/2023,true,139,false,2XL,$4.34,139
Maisey,Rudgley,722 753 5492,10/04/2023,12/05/2023,false,140,false,S,$2.16,140
Bogey,Cockshott,162 437 1596,02/20/2023,12/05/2023,true,141,true,XL,$0.04,141
Caesar,Geke,487 453 0109,02/21/2023,12/05/2023,false,142,true,L,$9.96,142
Andree,Mosedill,280 228 5113,07/08/2023,12/05/2023,true,143,true,M,$0.56,143
Rennie,Wardrope,770 365 9456,12/06/2022,12/05/2023,false,144,true,M,$8.44,144
Meyer,Elsdon,397 801 3571,06/13/2023,12/05/2023,true,145,true,S,$3.67,145
Javier,Begbie,574 526 5759,01/23/2023,12/05/2023,true,146,true,2XL,$1.34,146
Kerrin,Filipovic,420 634 6777,08/22/2023,12/05/2023,false,147,true,L,$4.96,147
Leigh,Halfpenny,695 233 7882,06/18/2023,12/05/2023,true,148,false,XL,$4.23,148
Dirk,Feifer,413 107 5054,06/16/2023,12/05/2023,true,149,false,S,$4.63,149
Lilli,Ravilus,234 560 7052,05/12/2023,12/05/2023,true,150,true,S,$3.03,150
Sibylla,Pylkynyton,645 778 8016,05/21/2023,12/05/2023,false,151,false,M,$0.24,151
Stinky,Spain,394 433 4175,12/14/2022,12/05/2023,false,152,false,2XL,$1.91,152
Calley,Kezar,848 698 2770,04/08/2023,12/05/2023,false,153,true,XL,$9.02,153
Theodora,Donizeau,450 144 7847,07/20/2023,12/05/2023,false,154,true,XL,$8.21,154
Nevsa,Bidmead,809 223 7927,02/14/2023,12/05/2023,false,155,false,M,$2.11,155
Tamas,Karpychev,268 866 9409,11/02/2023,12/05/2023,false,156,false,S,$6.89,156
Clementius,Asker,871 453 7736,07/18/2023,12/05/2023,false,157,false,L,$2.16,157
Shelia,Denes,779 792 6494,04/28/2023,12/05/2023,true,158,true,M,$1.15,158
Rose,Moles,710 262 1530,10/30/2023,12/05/2023,false,159,true,2XL,$3.48,159
Burch,Blencowe,609 279 2099,08/09/2023,12/05/2023,false,160,false,L,$2.08,160
Jilleen,Diegan,481 857 1039,04/21/2023,12/05/2023,false,161,true,M,$7.02,161
Erl,Crellim,628 904 5778,12/25/2022,12/05/2023,false,162,true,XS,$8.07,162
Sara-ann,Theuff,596 236 1642,08/22/2023,12/05/2023,true,163,false,XL,$4.99,163
Brigitta,Ridger,485 718 9216,04/15/2023,12/05/2023,false,164,false,2XL,$2.10,164
Lucinda,Gounod,965 917 4769,11/24/2023,12/05/2023,false,165,false,S,$8.67,165
Diandra,Hutson,425 672 2413,06/17/2023,12/05/2023,true,166,true,XL,$5.25,166
Reba,Pail,222 455 8436,11/27/2023,12/05/2023,false,167,true,XL,$6.60,167
Hodge,Pechacek,336 731 0296,04/20/2023,12/05/2023,true,168,true,M,$1.80,168
Alethea,Camacho,700 136 6350,08/07/2023,12/05/2023,true,169,false,2XL,$6.07,169
Elston,Sproul,876 256 0041,03/28/2023,12/05/2023,true,170,true,M,$5.51,170
Alphonso,Sedgebeer,517 556 9821,03/28/2023,12/05/2023,true,171,true,S,$7.71,171
Harlene,Walthew,724 694 7012,02/05/2023,12/05/2023,false,172,true,2XL,$8.56,172
Miranda,Fairebrother,241 527 6627,06/13/2023,12/05/2023,false,173,false,2XL,$7.89,173
Mickey,Scolts,904 843 1642,05/24/2023,12/05/2023,true,174,false,2XL,$3.03,174
Amalia,Antill,109 198 5699,11/24/2023,12/05/2023,false,175,false,L,$0.11,175
Aubry,Gricewood,642 230 4365,08/25/2023,12/05/2023,true,176,true,XS,$2.36,176
Zsa zsa,Bellow,681 739 3183,04/02/2023,12/05/2023,false,177,true,L,$3.97,177
Donni,Hurst,489 368 9783,11/18/2023,12/05/2023,true,178,false,2XL,$8.41,178
Ambrosi,Micheli,715 835 7542,03/27/2023,12/05/2023,true,179,false,3XL,$9.62,179
Archambault,McSkeagan,952 394 5484,05/08/2023,12/05/2023,true,180,false,3XL,$9.79,180
Yanaton,Kyttor,699 358 3894,08/24/2023,12/05/2023,true,181,true,S,$3.93,181
Jeanie,Morffew,764 937 5733,03/31/2023,12/05/2023,false,182,false,S,$0.99,182
Alexandrina,Fiddler,361 742 8183,06/02/2023,12/05/2023,false,183,false,2XL,$8.38,183
Nadeen,Kermit,165 826 6019,04/17/2023,12/05/2023,true,184,false,S,$3.83,184
Bev,Youings,205 915 7583,01/05/2023,12/05/2023,true,185,false,2XL,$3.93,185
Lambert,Kasperski,471 902 6339,07/29/2023,12/05/2023,false,186,false,M,$2.66,186
Theda,Lalley,939 493 3850,04/24/2023,12/05/2023,true,187,false,3XL,$0.15,187
Flo,Jevons,738 940 5787,01/02/2023,12/05/2023,false,188,false,S,$4.10,188
Reg,Custed,686 912 5646,06/01/2023,12/05/2023,true,189,false,L,$2.75,189
Art,Wabersinke,441 873 7424,09/13/2023,12/05/2023,true,190,false,XS,$4.46,190
Rayner,Stutely,836 249 0441,06/10/2023,12/05/2023,true,191,true,2XL,$0.25,191
Weider,Gladbach,894 337 7600,05/31/2023,12/05/2023,false,192,false,S,$4.50,192
Glen,Burbudge,252 162 8279,04/14/2023,12/05/2023,true,193,true,2XL,$2.80,193
Parsifal,Romayn,831 721 5651,06/17/2023,12/05/2023,true,194,true,L,$7.48,194
Karol,St Pierre,189 269 5511,01/23/2023,12/05/2023,true,195,false,2XL,$8.33,195
Mic,Hartzenberg,248 972 0841,12/18/2022,12/05/2023,true,196,false,2XL,$4.89,196
Adham,Bartke,760 131 6946,05/05/2023,12/05/2023,false,197,false,M,$6.60,197
Coraline,Magee,353 916 6686,07/22/2023,12/05/2023,false,198,true,S,$5.09,198
Elly,Weston,893 689 8676,05/30/2023,12/05/2023,false,199,false,XL,$7.80,199
Addy,Brimblecomb,746 436 0561,06/03/2023,12/05/2023,true,200,true,2XL,$6.74,200
Erma,Vercruysse,429 318 7978,06/07/2023,12/05/2023,false,201,false,2XL,$6.88,201
Rockie,Napper,464 196 7149,04/22/2023,12/05/2023,false,202,true,M,$0.58,202
Tate,Mattinson,176 550 8466,11/21/2023,12/05/2023,true,203,true,XL,$3.52,203
Jeanelle,Quilliam,819 106 8223,10/28/2023,12/05/2023,true,204,false,L,$4.25,204
Lynne,Twiddell,264 211 5135,05/26/2023,12/05/2023,true,205,false,2XL,$5.15,205
Dennis,Lewerenz,991 659 0284,12/17/2022,12/05/2023,true,206,true,3XL,$8.91,206
Dru,Downse,833 681 0409,06/22/2023,12/05/2023,true,207,false,2XL,$7.69,207
Darrelle,Lambdin,287 373 8390,12/12/2022,12/05/2023,false,208,false,L,$7.00,208
Kin,Merritt,362 740 5116,10/12/2023,12/05/2023,true,209,true,2XL,$3.96,209
Nico,Osbiston,616 554 8460,06/21/2023,12/05/2023,false,210,true,XS,$2.59,210
Fee,Stollhofer,121 818 0459,02/17/2023,12/05/2023,true,211,true,L,$8.88,211
Sascha,South,574 807 9518,11/03/2023,12/05/2023,false,212,true,XL,$6.74,212
Gianni,Lawie,694 505 7894,09/25/2023,12/05/2023,false,213,false,2XL,$8.89,213
Ginnifer,Ascraft,103 836 6096,11/08/2023,12/05/2023,true,214,true,XL,$3.47,214
Merry,Wilkes,747 429 4046,01/29/2023,12/05/2023,true,215,true,M,$9.80,215
Basia,Ovell,315 981 9459,10/07/2023,12/05/2023,false,216,true,S,$8.25,216
Gennie,Stanex,208 533 8648,08/12/2023,12/05/2023,false,217,false,M,$9.61,217
Clem,Verna,286 919 6427,01/04/2023,12/05/2023,true,218,false,L,$6.61,218
Nappy,Hubber,146 687 8312,03/02/2023,12/05/2023,true,219,false,2XL,$1.15,219
Leta,Dorrins,322 679 5470,08/25/2023,12/05/2023,true,220,false,XS,$6.86,220
Isadore,Diemer,472 119 5684,04/06/2023,12/05/2023,true,221,false,XL,$6.77,221
Gallagher,Hunnywell,369 942 2497,08/13/2023,12/05/2023,true,222,true,M,$9.70,222
Ynes,Farlane,303 542 3032,07/14/2023,12/05/2023,false,223,false,2XL,$2.48,223
Stephi,Rawcliff,560 274 6604,07/12/2023,12/05/2023,true,224,false,S,$3.03,224
Marta,Blanko,340 255 4740,02/03/2023,12/05/2023,true,225,true,3XL,$8.90,225
Paddie,O'Sherin,812 500 8942,08/06/2023,12/05/2023,false,226,false,XL,$7.62,226
Tristan,Morby,946 243 1976,11/02/2023,12/05/2023,true,227,false,2XL,$2.61,227
Marketa,Christophers,975 331 4325,11/14/2023,12/05/2023,true,228,true,M,$7.68,228
Chane,Querree,344 503 0532,02/17/2023,12/05/2023,false,229,false,2XL,$5.67,229
Donia,Worsom,510 603 8393,06/13/2023,12/05/2023,true,230,true,XL,$4.44,230
Eleonora,Clemente,882 155 7462,12/21/2022,12/05/2023,false,231,true,XS,$8.51,231
Magnum,Sunman,429 505 9426,10/22/2023,12/05/2023,false,232,true,2XL,$6.28,232
Kippy,Ablett,752 616 1964,11/29/2023,12/05/2023,true,233,false,3XL,$3.31,233
Charlot,Eneas,459 647 7943,03/05/2023,12/05/2023,true,234,false,L,$3.26,234
Boyce,Keam,813 647 3622,08/31/2023,12/05/2023,true,235,true,M,$2.88,235
Ashleigh,Baily,554 626 2654,03/21/2023,12/05/2023,true,236,true,M,$6.98,236
Magnum,Pickavance,710 461 5744,05/14/2023,12/05/2023,false,237,false,L,$4.86,237
Chance,MacGuiness,837 470 7403,05/26/2023,12/05/2023,true,238,true,XL,$4.58,238
Gustavo,Freear,765 979 1657,01/04/2023,12/05/2023,false,239,true,XS,$7.42,239
Mervin,Anderer,569 838 4512,01/02/2023,12/05/2023,false,240,true,XS,$2.66,240
Bev,Larkby,208 854 4956,01/08/2023,12/05/2023,false,241,false,XS,$7.48,241
Hilliard,Gilfillan,688 764 8078,05/23/2023,12/05/2023,true,242,true,XS,$9.01,242
Denys,Connett,404 553 7105,08/02/2023,12/05/2023,false,243,true,XL,$9.52,243
Jandy,Schusterl,982 207 8686,07/08/2023,12/05/2023,false,244,false,XS,$2.58,244
Cammie,Hall-Gough,102 943 7966,08/20/2023,12/05/2023,false,245,false,2XL,$4.61,245
Silvain,Cosgrive,681 351 8958,02/16/2023,12/05/2023,false,246,false,XS,$6.56,246
Portia,Colebrook,533 383 2322,09/25/2023,12/05/2023,false,247,false,3XL,$7.24,247
Pauli,Monahan,587 835 7774,09/17/2023,12/05/2023,false,248,true,XS,$8.42,248
Brunhilda,Dowdle,478 934 3060,01/04/2023,12/05/2023,false,249,false,M,$8.56,249
Isabel,Petters,927 994 6074,10/15/2023,12/05/2023,true,250,false,2XL,$4.32,250
Edythe,Hurdidge,687 269 4878,12/27/2022,12/05/2023,true,251,true,XL,$3.06,251
Aaren,Jillins,550 428 7371,03/17/2023,12/05/2023,true,252,true,L,$5.83,252
Garwin,D'orsay,331 749 8555,05/30/2023,12/05/2023,false,253,true,2XL,$6.57,253
Selle,Messer,680 928 5848,10/15/2023,12/05/2023,false,254,false,3XL,$9.39,254
Melisandra,Syddie,693 786 9794,08/02/2023,12/05/2023,true,255,false,M,$4.29,255
Marthena,Bagshaw,548 363 7825,10/07/2023,12/05/2023,false,256,true,XL,$8.84,256
Shaine,Cloney,488 809 6684,04/15/2023,12/05/2023,true,257,true,M,$8.09,257
Chase,Ferronet,186 572 0043,04/14/2023,12/05/2023,true,258,false,L,$9.45,258
Durward,Labbett,697 640 4906,09/07/2023,12/05/2023,true,259,false,2XL,$8.56,259
Gwenora,Klima,744 248 7654,04/12/2023,12/05/2023,true,260,false,2XL,$3.28,260
Siusan,Ollett,631 219 6027,02/04/2023,12/05/2023,false,261,false,XS,$0.85,261
Branden,Pachta,120 843 2902,06/20/2023,12/05/2023,true,262,true,3XL,$6.87,262
Emma,Allum,662 284 5992,02/10/2023,12/05/2023,false,263,true,M,$2.12,263
Kelcie,Labbett,389 580 5467,10/10/2023,12/05/2023,false,264,false,S,$5.16,264
Denys,Doohan,567 455 2376,03/24/2023,12/05/2023,true,265,true,3XL,$2.24,265
Ashla,Hasell,474 354 5172,04/07/2023,12/05/2023,false,266,true,L,$6.96,266
Ignacio,McGrill,850 602 7074,03/26/2023,12/05/2023,true,267,true,XS,$1.93,267
Merilee,Bottomore,115 675 1816,06/09/2023,12/05/2023,true,268,false,L,$0.38,268
Ogden,Russo,209 815 8596,10/15/2023,12/05/2023,true,269,false,L,$8.10,269
Shawn,Byrne,739 749 5008,04/01/2023,12/05/2023,false,270,false,M,$8.11,270
Fidelity,Follitt,771 251 0296,12/24/2022,12/05/2023,false,271,false,M,$5.24,271
Preston,Gouda,721 694 5988,07/17/2023,12/05/2023,false,272,false,XS,$0.26,272
Terza,De Maine,186 135 7914,01/26/2023,12/05/2023,true,273,true,S,$9.78,273
Toma,Hounsham,575 404 9873,06/02/2023,12/05/2023,false,274,false,3XL,$7.31,274
Callie,Moody,237 671 7301,05/07/2023,12/05/2023,true,275,false,XL,$4.92,275
Jenica,Linster,745 686 8444,01/05/2023,12/05/2023,false,276,false,2XL,$0.62,276
Janeen,Fishbourne,415 672 1860,03/06/2023,12/05/2023,true,277,false,XL,$7.83,277
Emmalynn,Belison,227 626 8750,05/28/2023,12/05/2023,false,278,false,3XL,$5.25,278
Frederica,Bourges,873 611 3960,11/15/2023,12/05/2023,true,279,true,L,$2.88,279
Margaret,Lideard,354 390 3389,01/13/2023,12/05/2023,false,280,false,3XL,$1.72,280
Jorey,Doggart,381 744 3181,12/15/2022,12/05/2023,true,281,false,XL,$6.10,281
Lemmy,Konzelmann,926 901 2994,10/23/2023,12/05/2023,false,282,false,XL,$8.54,282
Rosemary,Chorley,668 245 5009,12/16/2022,12/05/2023,false,283,false,XL,$3.51,283
Millard,Swait,629 674 7114,09/29/2023,12/05/2023,true,284,false,XL,$0.40,284
Arlie,Towhey,843 522 0998,10/22/2023,12/05/2023,true,285,true,S,$0.73,285
Lennard,Smalecombe,734 124 7905,01/18/2023,12/05/2023,false,286,true,L,$2.04,286
Thomasa,Burlingham,186 809 6084,11/25/2023,12/05/2023,false,287,false,M,$9.48,287
Cyrillus,Rodenburg,459 176 7184,11/18/2023,12/05/2023,true,288,false,3XL,$5.01,288
Marcelline,Lamplough,981 104 9902,11/20/2023,12/05/2023,true,289,false,S,$8.56,289
Natividad,Fosten,792 449 8136,09/03/2023,12/05/2023,true,290,false,XS,$1.38,290
Quintus,Wrixon,587 271 5841,04/24/2023,12/05/2023,true,291,true,M,$6.29,291
Dannie,Dwine,892 325 4785,01/01/2023,12/05/2023,true,292,false,3XL,$1.45,292
Gallard,MacKibbon,409 814 8536,10/23/2023,12/05/2023,false,293,false,XS,$3.06,293
Tucky,Deniset,706 130 7743,06/07/2023,12/05/2023,false,294,false,L,$7.58,294
Dav,Johnston,426 562 3264,10/31/2023,12/05/2023,true,295,true,M,$5.32,295
Freeland,Nequest,335 738 7217,12/07/2022,12/05/2023,true,296,false,M,$2.03,296
Anissa,Pyvis,372 676 8054,08/31/2023,12/05/2023,true,297,false,3XL,$5.17,297
Beale,Shillaber,635 714 3148,05/20/2023,12/05/2023,false,298,false,L,$4.05,298
Broderic,O'Fallon,659 838 1139,02/13/2023,12/05/2023,false,299,true,L,$6.99,299
Gabriella,Teresa,779 559 4465,01/07/2023,12/05/2023,true,300,false,XS,$9.18,300
Coleen,Huggin,184 341 6877,08/26/2023,12/05/2023,true,301,false,L,$4.21,301
Letti,Garnsworth,462 901 3109,08/14/2023,12/05/2023,true,302,false,L,$2.89,302
Mel,Arrigo,735 104 0290,08/23/2023,12/05/2023,false,303,true,XS,$3.56,303
Christoper,Gerckens,226 691 1836,09/14/2023,12/05/2023,false,304,false,S,$0.58,304
Richmond,Hackinge,730 634 9188,10/13/2023,12/05/2023,false,305,false,M,$6.43,305
Stinky,Corby,803 415 0826,12/10/2022,12/05/2023,true,306,true,M,$6.38,306
Tania,Tuffs,786 236 9458,12/29/2022,12/05/2023,true,307,false,M,$5.48,307
Inglis,Wreath,910 211 3236,01/30/2023,12/05/2023,true,308,false,S,$8.67,308
Wendall,Bissiker,871 253 1378,12/25/2022,12/05/2023,false,309,false,M,$2.23,309
Skipton,Leer,450 481 8931,01/23/2023,12/05/2023,true,310,true,M,$4.01,310
Charlena,Fishbourn,812 844 9869,10/02/2023,12/05/2023,false,311,false,XL,$4.27,311
Ferdinande,Duplain,515 266 7033,02/26/2023,12/05/2023,true,312,true,M,$2.59,312
Andrej,Barrington,757 587 9420,11/20/2023,12/05/2023,true,313,true,XS,$5.99,313
Susy,Richings,212 956 6713,01/08/2023,12/05/2023,true,314,false,XS,$6.89,314
Ring,Salters,557 865 3039,08/16/2023,12/05/2023,false,315,false,XL,$9.81,315
Hildegaard,Child,944 915 4262,11/30/2023,12/05/2023,false,316,false,L,$3.17,316
Vin,Dubs,314 370 4071,11/15/2023,12/05/2023,true,317,true,XL,$9.95,317
Ransom,Kivlehan,149 831 8614,11/27/2023,12/05/2023,false,318,true,XL,$9.30,318
Booth,Jedrysik,987 747 5968,08/20/2023,12/05/2023,true,319,false,3XL,$9.68,319
Farly,Darkin,528 287 3127,06/25/2023,12/05/2023,true,320,false,2XL,$8.10,320
Analise,Feye,925 545 8341,07/12/2023,12/05/2023,false,321,false,L,$9.91,321
Eachelle,Jodrellec,122 585 4151,04/09/2023,12/05/2023,true,322,false,S,$5.84,322
Paxon,Vassbender,959 564 1213,05/26/2023,12/05/2023,true,323,true,2XL,$5.27,323
Troy,Dowell,801 887 4767,08/16/2023,12/05/2023,true,324,false,XS,$9.79,324
Ibby,Celle,341 599 3043,10/22/2023,12/05/2023,false,325,true,S,$6.69,325
Gasparo,Cobbald,846 593 7803,12/15/2022,12/05/2023,false,326,true,M,$3.86,326
Merry,Ord,273 709 9882,08/18/2023,12/05/2023,false,327,true,XL,$2.26,327
Loutitia,Batson,316 281 1644,12/16/2022,12/05/2023,false,328,true,XS,$8.87,328
Alastair,Goede,142 706 5603,10/25/2023,12/05/2023,true,329,false,3XL,$9.95,329
Rubina,Urwin,668 281 7026,12/11/2022,12/05/2023,false,330,true,3XL,$6.33,330
Gino,Maciaszek,382 808 2230,02/04/2023,12/05/2023,true,331,false,XL,$3.34,331
Cherry,Girsch,198 861 3654,08/13/2023,12/05/2023,false,332,false,2XL,$2.95,332
Alec,Stirley,642 652 5462,07/16/2023,12/05/2023,false,333,false,S,$3.35,333
Oran,Berg,427 428 7200,07/03/2023,12/05/2023,false,334,true,2XL,$0.16,334
Minny,Whorlton,270 206 5650,06/22/2023,12/05/2023,true,335,true,XS,$3.54,335
Harlen,Ekins,663 392 3043,10/17/2023,12/05/2023,true,336,true,S,$7.62,336
Tanny,Dreng,740 700 6960,11/22/2023,12/05/2023,true,337,true,XS,$0.94,337
Tiffi,Perllman,227 165 7693,05/12/2023,12/05/2023,false,338,false,XS,$5.56,338
Lilla,Lawlee,985 959 3315,07/17/2023,12/05/2023,false,339,false,M,$5.50,339
Jarib,Quogan,697 895 1971,01/21/2023,12/05/2023,false,340,false,L,$8.39,340
Judon,Inglesent,196 212 5837,07/30/2023,12/05/2023,false,341,false,XL,$5.97,341
Godard,Vassar,181 664 8957,03/18/2023,12/05/2023,true,342,true,S,$2.24,342
Denys,Pfiffer,987 647 5222,03/13/2023,12/05/2023,true,343,false,XS,$4.26,343
Kenon,Spaule,412 477 6904,11/08/2023,12/05/2023,false,344,false,XS,$5.03,344
Tatiana,Jerche,510 903 4184,02/17/2023,12/05/2023,false,345,false,M,$8.12,345
Elsa,Celloni,612 953 9926,08/16/2023,12/05/2023,false,346,true,L,$5.01,346
Case,Laite,424 448 6901,07/22/2023,12/05/2023,false,347,false,S,$9.12,347
Annie,Sessuns,243 976 7568,04/22/2023,12/05/2023,false,348,false,XL,$2.88,348
Bobette,Potte,700 766 6530,12/22/2022,12/05/2023,false,349,false,L,$0.93,349
Angeline,Kerr,523 862 9384,03/31/2023,12/05/2023,false,350,false,S,$4.97,350
Irving,Crossingham,696 696 1362,09/04/2023,12/05/2023,false,351,false,S,$9.42,351
Jimmy,Schwier,417 492 1420,01/07/2023,12/05/2023,false,352,false,2XL,$9.14,352
Michelle,McEnhill,419 847 1273,08/23/2023,12/05/2023,false,353,true,3XL,$4.41,353
Hyman,Ruffle,305 717 2080,02/19/2023,12/05/2023,false,354,false,L,$8.64,354
Cesya,Westphalen,901 962 2006,03/22/2023,12/05/2023,true,355,true,XS,$5.91,355
Tyrus,Canet,566 866 8317,04/21/2023,12/05/2023,false,356,false,L,$6.06,356
Jaquelin,Drust,661 117 9379,09/08/2023,12/05/2023,false,357,true,XS,$3.61,357
George,Heliet,524 561 4317,11/03/2023,12/05/2023,true,358,false,M,$0.52,358
Edvard,Kalker,206 671 0717,05/17/2023,12/05/2023,false,359,true,S,$7.10,359
Jeromy,Castelletti,396 137 5240,11/10/2023,12/05/2023,false,360,false,S,$2.84,360
Jules,Errichiello,479 451 5205,08/26/2023,12/05/2023,false,361,false,M,$5.51,361
Korella,Goford,454 790 4693,12/15/2022,12/05/2023,true,362,true,S,$5.88,362
Archy,Dwire,320 291 1115,04/19/2023,12/05/2023,false,363,true,S,$5.09,363
Elsie,Arndtsen,737 447 7621,11/22/2023,12/05/2023,true,364,true,XL,$3.70,364
Lelia,Hallibone,545 808 7412,12/15/2022,12/05/2023,false,365,false,2XL,$7.53,365
Celinda,Norton,898 965 6342,07/26/2023,12/05/2023,false,366,true,M,$3.12,366
Madella,Straniero,213 757 2490,11/04/2023,12/05/2023,false,367,true,XS,$4.63,367
Emmalynne,Scneider,422 913 7139,06/08/2023,12/05/2023,false,368,true,XL,$4.37,368
Adi,Setter,632 526 9456,01/03/2023,12/05/2023,true,369,false,XS,$0.76,369
Melanie,Thomesson,359 620 1634,11/15/2023,12/05/2023,true,370,false,XL,$5.70,370
Obie,Brumbie,661 807 7476,12/27/2022,12/05/2023,true,371,false,M,$7.51,371
Maisie,Gorrissen,572 889 9184,06/28/2023,12/05/2023,false,372,false,2XL,$7.79,372
Klara,Bennellick,259 464 8534,06/12/2023,12/05/2023,false,373,true,2XL,$3.87,373
Alysia,Eldridge,192 992 4303,04/26/2023,12/05/2023,false,374,true,XS,$7.97,374
Rheta,Bernardos,872 935 9962,08/11/2023,12/05/2023,false,375,true,S,$9.64,375
Granthem,Czapla,120 479 5462,07/14/2023,12/05/2023,false,376,false,2XL,$0.22,376
Hurley,Shadfourth,433 811 1485,10/11/2023,12/05/2023,true,377,false,M,$8.90,377
Joy,Jellings,115 259 0187,10/28/2023,12/05/2023,true,378,true,2XL,$2.47,378
Giffie,Kettel,948 742 3277,08/11/2023,12/05/2023,false,379,true,M,$3.60,379
Jasmina,Cull,934 289 4903,01/10/2023,12/05/2023,true,380,false,XL,$1.51,380
Cosmo,Eykelhof,886 693 6564,03/03/2023,12/05/2023,false,381,false,3XL,$1.33,381
Currey,Bloomer,600 507 8149,11/06/2023,12/05/2023,true,382,false,2XL,$8.76,382
Joan,Andrault,562 783 8483,12/20/2022,12/05/2023,false,383,true,M,$4.49,383
Jeff,Cloke,892 576 1376,02/11/2023,12/05/2023,true,384,true,S,$5.57,384
Diandra,Duquesnay,682 522 5983,05/04/2023,12/05/2023,true,385,false,3XL,$5.48,385
Keven,Fairbridge,333 456 8818,12/27/2022,12/05/2023,true,386,false,S,$1.98,386
Horton,Berrey,531 977 3189,03/27/2023,12/05/2023,false,387,false,M,$2.49,387
Klara,Lorden,965 327 2470,11/22/2023,12/05/2023,false,388,true,XL,$6.64,388
Marcellina,Smee,394 687 3513,10/17/2023,12/05/2023,true,389,true,2XL,$7.74,389
Marna,Clemmey,969 494 7389,05/05/2023,12/05/2023,false,390,true,S,$7.26,390
Connie,Borgnet,466 569 6812,10/09/2023,12/05/2023,false,391,true,XS,$6.55,391
Terese,Denekamp,702 644 6968,02/12/2023,12/05/2023,false,392,true,L,$8.66,392
Virgie,De Beneditti,763 932 2592,06/25/2023,12/05/2023,true,393,true,M,$9.82,393
Saraann,Corah,531 684 8430,11/19/2023,12/05/2023,true,394,false,2XL,$1.89,394
Jerrine,O'Reagan,648 146 0560,08/04/2023,12/05/2023,true,395,false,S,$4.21,395
Teresa,Cullinane,428 383 3621,03/26/2023,12/05/2023,true,396,false,2XL,$0.58,396
Vilma,Camosso,706 523 5117,08/12/2023,12/05/2023,false,397,true,M,$5.18,397
Sanders,Kincey,683 812 7240,07/16/2023,12/05/2023,true,398,false,XL,$4.63,398
Elvera,Cuppleditch,768 789 9272,10/31/2023,12/05/2023,false,399,false,2XL,$9.90,399
Kori,Songer,869 238 1247,08/23/2023,12/05/2023,true,400,false,3XL,$0.24,400
Giralda,Gridley,303 517 9736,03/15/2023,12/05/2023,false,401,true,3XL,$6.47,401
Melitta,Dmitriev,967 542 2249,12/10/2022,12/05/2023,true,402,true,XS,$0.95,402
Rodney,Huff,168 923 8023,01/06/2023,12/05/2023,true,403,false,L,$7.48,403
Errol,Lafay,144 253 5964,11/27/2023,12/05/2023,true,404,true,XL,$4.90,404
Wyndham,Ferraresi,561 200 9878,07/20/2023,12/05/2023,true,405,false,XL,$9.60,405
Oby,O'Corrigane,311 464 4759,10/02/2023,12/05/2023,true,406,true,3XL,$0.72,406
Marshall,Tarrant,895 888 7379,05/12/2023,12/05/2023,true,407,true,S,$4.19,407
Clerkclaude,Gillice,369 126 4657,03/05/2023,12/05/2023,false,408,true,L,$0.52,408
Tomlin,Kieran,298 755 8207,04/11/2023,12/05/2023,true,409,true,2XL,$3.19,409
Clement,Tzarkov,468 414 1758,02/12/2023,12/05/2023,true,410,false,2XL,$4.44,410
Lyle,Laugherane,122 514 4326,03/14/2023,12/05/2023,false,411,true,3XL,$9.69,411
Pat,Burren,107 283 1165,04/09/2023,12/05/2023,true,412,true,2XL,$1.99,412
Obadias,Priestley,263 731 8237,06/15/2023,12/05/2023,true,413,false,2XL,$3.36,413
Florry,Barbier,365 805 1908,11/17/2023,12/05/2023,false,414,true,2XL,$7.47,414
Eldon,McLinden,586 413 8730,01/29/2023,12/05/2023,false,415,false,3XL,$5.38,415
Carolan,Rosander,932 117 7275,08/01/2023,12/05/2023,false,416,true,L,$0.63,416
Josy,Awmack,938 400 7980,05/24/2023,12/05/2023,true,417,false,2XL,$3.94,417
Marlyn,Ronaldson,491 323 0319,08/17/2023,12/05/2023,false,418,true,2XL,$0.28,418
Charmaine,Broderick,945 194 2952,05/30/2023,12/05/2023,false,419,false,2XL,$4.43,419
Frankie,Attenbarrow,809 322 0792,01/03/2023,12/05/2023,false,420,true,S,$4.17,420
Crosby,McKinn,437 599 3622,01/14/2023,12/05/2023,false,421,true,M,$4.02,421
Boycey,Lovick,864 115 0724,03/22/2023,12/05/2023,false,422,false,3XL,$5.38,422
Ashleigh,Jira,517 583 4634,12/07/2022,12/05/2023,true,423,false,XS,$3.43,423
Rori,Woolrich,260 566 4743,06/27/2023,12/05/2023,false,424,false,3XL,$4.29,424
Tedman,Zecchi,182 696 9658,01/02/2023,12/05/2023,false,425,true,XS,$7.59,425
Richard,Hanning,348 268 8628,07/04/2023,12/05/2023,true,426,false,3XL,$3.79,426
Cissiee,Losseljong,854 196 4595,12/31/2022,12/05/2023,true,427,false,S,$0.67,427
Torre,Pagitt,903 391 6318,08/15/2023,12/05/2023,false,428,true,M,$0.29,428
Maddie,Demonge,398 852 3657,05/01/2023,12/05/2023,true,429,true,M,$0.41,429
Newton,Surgey,540 323 2489,05/09/2023,12/05/2023,true,430,false,M,$9.91,430
Birk,Scard,569 929 6998,06/24/2023,12/05/2023,true,431,false,M,$9.33,431
Albie,Revill,269 399 4306,05/03/2023,12/05/2023,false,432,false,M,$1.60,432
Reginald,Randerson,904 979 7926,10/05/2023,12/05/2023,true,433,false,XL,$8.82,433
Normie,Haxby,244 505 1646,03/29/2023,12/05/2023,true,434,true,S,$1.79,434
Tabby,Scahill,758 284 3865,04/09/2023,12/05/2023,true,435,true,2XL,$1.06,435
Kikelia,Curryer,836 300 4965,07/21/2023,12/05/2023,false,436,true,M,$3.35,436
Tandie,McGarrity,746 154 5510,08/25/2023,12/05/2023,true,437,true,L,$0.11,437
Trista,Peakman,122 194 4855,01/14/2023,12/05/2023,true,438,false,3XL,$0.79,438
Bartholomeo,Challin,370 393 8032,08/20/2023,12/05/2023,true,439,false,XS,$6.45,439
Arlee,Cassedy,584 821 3238,02/23/2023,12/05/2023,true,440,false,M,$2.16,440
Clarissa,Brosio,149 364 4840,05/07/2023,12/05/2023,true,441,false,XS,$2.19,441
Beatrix,Karpov,810 265 2873,03/24/2023,12/05/2023,true,442,false,XL,$2.20,442
Gregor,Heaney,894 900 4674,09/12/2023,12/05/2023,true,443,true,M,$2.93,443
Homere,Everard,491 177 7241,03/15/2023,12/05/2023,false,444,false,L,$1.85,444
Garreth,Malby,431 995 7979,07/25/2023,12/05/2023,true,445,false,XS,$8.48,445
Brendis,Habard,392 714 6997,07/31/2023,12/05/2023,false,446,false,L,$3.54,446
Bettina,Umbert,170 697 9379,09/17/2023,12/05/2023,false,447,true,2XL,$2.91,447
Sibilla,Wolledge,799 523 4149,06/10/2023,12/05/2023,false,448,false,M,$1.72,448
Geno,Grix,785 923 3008,02/19/2023,12/05/2023,false,449,false,M,$7.38,449
Layla,Brandel,706 780 1111,11/18/2023,12/05/2023,false,450,false,3XL,$5.88,450
Angel,Camamill,934 648 9705,01/09/2023,12/05/2023,true,451,false,XS,$5.33,451
Valerie,Caruth,606 735 6198,07/13/2023,12/05/2023,true,452,true,3XL,$0.27,452
Dun,Feaks,795 764 7675,08/11/2023,12/05/2023,false,453,false,S,$7.97,453
Chandler,Pollok,348 205 2993,10/30/2023,12/05/2023,false,454,true,XL,$5.31,454
Cece,Dalgardno,362 172 6864,02/24/2023,12/05/2023,false,455,false,XS,$3.29,455
Kean,Ganders,446 922 3597,06/30/2023,12/05/2023,false,456,false,XS,$5.08,456
Orella,Franckton,418 684 4048,09/02/2023,12/05/2023,false,457,false,M,$4.15,457
Maddy,Okenden,125 494 3228,09/18/2023,12/05/2023,false,458,true,XS,$2.81,458
Carlynn,Cornewall,706 314 9689,10/17/2023,12/05/2023,true,459,false,2XL,$9.55,459
Astrix,Dumbreck,674 544 8374,10/17/2023,12/05/2023,true,460,true,XS,$9.39,460
Burton,Readman,683 364 6060,12/26/2022,12/05/2023,false,461,false,2XL,$5.82,461
Austina,McGuirk,252 142 1114,08/13/2023,12/05/2023,false,462,true,3XL,$8.13,462
Eugenie,Grayston,205 569 1907,08/26/2023,12/05/2023,false,463,true,3XL,$3.53,463
Datha,Kitcat,629 816 1450,07/24/2023,12/05/2023,true,464,true,S,$2.64,464
Elayne,Gonzalvo,486 202 3637,04/05/2023,12/05/2023,false,465,false,M,$7.50,465
Benjamin,Klimkov,370 507 0383,01/26/2023,12/05/2023,false,466,false,XL,$9.97,466
Brinna,Roche,188 310 8528,03/21/2023,12/05/2023,true,467,false,2XL,$0.72,467
Siana,Hurling,546 825 6785,07/20/2023,12/05/2023,true,468,true,XL,$3.38,468
Daven,Pindred,583 262 9872,08/01/2023,12/05/2023,true,469,true,L,$2.40,469
Alanson,Whitworth,888 961 4513,10/25/2023,12/05/2023,false,470,true,S,$7.03,470
Ramona,Kellet,432 414 4184,02/25/2023,12/05/2023,false,471,false,2XL,$3.15,471
Brady,Marshall,552 269 2905,03/25/2023,12/05/2023,true,472,false,S,$5.44,472
Tildy,Lemasney,494 704 8002,04/21/2023,12/05/2023,false,473,false,S,$8.46,473
Zahara,Unstead,720 199 8611,02/02/2023,12/05/2023,true,474,true,3XL,$4.19,474
Paulo,Bendix,646 893 8078,05/11/2023,12/05/2023,false,475,false,S,$3.05,475
Penelope,Tedridge,251 186 0917,07/06/2023,12/05/2023,false,476,false,3XL,$7.48,476
Fleming,Klimentyev,998 295 0330,02/21/2023,12/05/2023,false,477,true,2XL,$1.82,477
Carita,Makey,468 947 6936,10/07/2023,12/05/2023,true,478,true,S,$8.11,478
Isaak,Tunno,423 269 1994,07/28/2023,12/05/2023,true,479,true,XL,$8.76,479
Gabey,Mossom,157 468 6598,07/07/2023,12/05/2023,false,480,false,L,$7.47,480
Caril,Baroch,755 422 1624,11/15/2023,12/05/2023,true,481,true,L,$7.16,481
Glynnis,Minto,229 914 9694,05/24/2023,12/05/2023,false,482,true,XS,$3.94,482
Cammie,Josovitz,333 212 5260,02/22/2023,12/05/2023,true,483,true,L,$5.49,483
Jehu,Stribling,773 704 0038,01/26/2023,12/05/2023,false,484,false,XS,$0.65,484
Woody,Galletly,419 340 6536,10/06/2023,12/05/2023,true,485,false,XS,$7.22,485
Dov,Thormwell,701 673 5143,06/21/2023,12/05/2023,true,486,false,S,$0.50,486
Aristotle,Hamlin,133 180 5684,07/07/2023,12/05/2023,false,487,false,XS,$5.37,487
Murdock,Steiner,296 957 5322,08/20/2023,12/05/2023,false,488,true,3XL,$0.77,488
Austin,Gidley,960 352 1147,03/26/2023,12/05/2023,false,489,true,XS,$7.80,489
Carce,Dewicke,819 694 3860,07/23/2023,12/05/2023,false,490,false,3XL,$0.11,490
Jacinta,Baggott,497 931 7202,05/15/2023,12/05/2023,true,491,false,M,$2.45,491
Kingston,Pinchen,548 463 5727,12/19/2022,12/05/2023,false,492,true,2XL,$3.45,492
Olenka,Fortnam,274 872 1157,04/29/2023,12/05/2023,true,493,true,XS,$8.32,493
Ray,Leeder,853 989 7649,11/15/2023,12/05/2023,true,494,true,XL,$6.88,494
Mendie,Beany,654 215 2436,02/17/2023,12/05/2023,true,495,false,L,$3.60,495
Zulema,McCorkindale,167 629 3901,09/01/2023,12/05/2023,false,496,true,L,$6.88,496
Dorene,Beardmore,202 811 8278,01/31/2023,12/05/2023,true,497,true,M,$5.99,497
Donelle,Souster,516 386 6598,03/07/2023,12/05/2023,true,498,false,XS,$2.38,498
Boot,Hanscomb,250 703 6719,12/18/2022,12/05/2023,true,499,true,XS,$6.48,499
Kristi,Cortese,441 429 2289,09/08/2023,12/05/2023,false,500,true,M,$7.39,500
Agretha,Lob,837 942 3165,04/19/2023,12/05/2023,false,501,false,XS,$4.45,501
Kory,Murrthum,330 917 7795,06/19/2023,12/05/2023,false,502,false,S,$8.15,502
Bartlet,Kochl,865 464 8179,10/20/2023,12/05/2023,false,503,true,3XL,$2.96,503
Rice,Cellier,785 507 0721,03/05/2023,12/05/2023,false,504,true,XL,$9.25,504
Joel,Maidment,942 771 9347,12/02/2023,12/05/2023,false,505,true,L,$5.30,505
Abbe,Assaf,250 756 4707,06/15/2023,12/05/2023,false,506,true,S,$6.33,506
Thornie,Sleightholme,979 785 2455,01/30/2023,12/05/2023,false,507,true,3XL,$3.45,507
Gnni,Kleinstein,665 255 2134,09/20/2023,12/05/2023,false,508,false,2XL,$7.92,508
Hershel,Hlavecek,663 969 7051,02/03/2023,12/05/2023,false,509,true,L,$9.26,509
Cosetta,Twort,289 557 6592,09/20/2023,12/05/2023,false,510,true,L,$5.61,510
Mark,Fairburn,794 509 3892,04/17/2023,12/05/2023,false,511,false,S,$9.96,511
Melitta,Cowsby,382 523 6598,03/25/2023,12/05/2023,true,512,false,XS,$7.05,512
Jerrome,Axup,824 831 3971,07/07/2023,12/05/2023,true,513,false,M,$3.77,513
Micky,Cormode,499 859 1590,02/20/2023,12/05/2023,true,514,false,M,$2.80,514
Shelagh,Attew,984 360 6793,03/19/2023,12/05/2023,false,515,false,S,$2.47,515
Goober,Olliver,913 731 5157,06/10/2023,12/05/2023,true,516,false,XS,$0.36,516
Kain,Labeuil,857 818 4191,12/13/2022,12/05/2023,false,517,false,XL,$7.28,517
Emera,Agnew,699 221 4523,12/11/2022,12/05/2023,false,518,false,S,$5.14,518
Waylan,Blaxlande,461 798 8158,02/11/2023,12/05/2023,false,519,false,XL,$2.87,519
Erasmus,Emslie,108 730 3222,08/16/2023,12/05/2023,true,520,false,XL,$4.04,520
Kerr,Prettejohns,549 632 7988,12/06/2022,12/05/2023,true,521,true,M,$0.65,521
Anstice,Terris,485 440 0764,03/01/2023,12/05/2023,true,522,false,XS,$6.34,522
Halette,Larn,173 715 1044,02/13/2023,12/05/2023,true,523,false,S,$3.24,523
Bryce,Pele,911 713 6141,12/20/2022,12/05/2023,false,524,false,L,$6.24,524
Shirlene,Ebden,476 798 3286,07/14/2023,12/05/2023,false,525,true,XS,$0.65,525
Heather,Birtwhistle,202 855 5447,05/09/2023,12/05/2023,true,526,true,2XL,$5.88,526
Benoite,Dominighi,395 533 5700,07/13/2023,12/05/2023,false,527,false,3XL,$6.90,527
Gerik,Pietroni,970 468 5066,08/18/2023,12/05/2023,false,528,true,L,$1.43,528
Evania,Grafhom,504 495 1962,02/11/2023,12/05/2023,true,529,true,M,$0.41,529
Gisella,Watkins,351 797 0298,01/03/2023,12/05/2023,true,530,true,XL,$7.92,530
Aldric,Tomaskov,150 849 5522,07/31/2023,12/05/2023,false,531,true,S,$9.74,531
Hilton,Bax,319 503 1225,12/15/2022,12/05/2023,true,532,true,XL,$9.77,532
Gerald,Balser,333 352 0846,04/14/2023,12/05/2023,true,533,false,2XL,$0.09,533
Alvis,Durran,154 415 5117,12/07/2022,12/05/2023,true,534,true,M,$1.28,534
Jobina,Filan,341 342 9213,03/15/2023,12/05/2023,true,535,true,M,$1.62,535
Justinian,Hitschke,636 240 2001,06/16/2023,12/05/2023,false,536,false,L,$5.07,536
Orville,Dormand,386 655 5726,07/21/2023,12/05/2023,true,537,true,XS,$4.10,537
Marne,Benettolo,773 860 8648,01/02/2023,12/05/2023,true,538,true,M,$0.80,538
Daune,Ezele,953 940 7647,08/26/2023,12/05/2023,false,539,true,XL,$8.25,539
Karlotta,Ellit,686 880 0314,04/20/2023,12/05/2023,true,540,true,XS,$5.01,540
Bernarr,Halcro,928 531 2685,08/27/2023,12/05/2023,true,541,false,XS,$1.73,541
Cooper,Bezant,578 953 3116,07/31/2023,12/05/2023,false,542,false,2XL,$3.63,542
Jeralee,McRavey,781 850 1828,01/11/2023,12/05/2023,true,543,true,XS,$2.15,543
Roley,Creane,857 591 7256,03/10/2023,12/05/2023,false,544,true,L,$3.49,544
Willis,Garbutt,413 413 9928,10/15/2023,12/05/2023,true,545,true,XS,$0.76,545
Chere,Bril,445 363 8355,01/05/2023,12/05/2023,false,546,false,S,$7.18,546
Eilis,Molineaux,558 429 2624,06/02/2023,12/05/2023,false,547,true,S,$0.83,547
Jonathon,Pioch,461 231 0508,10/02/2023,12/05/2023,false,548,false,2XL,$6.76,548
Corabella,Giscken,717 821 9533,02/01/2023,12/05/2023,false,549,true,XS,$1.19,549
Elfrida,Fittis,417 696 9741,08/13/2023,12/05/2023,true,550,false,2XL,$8.52,550
Way,Parcells,408 420 6947,11/15/2023,12/05/2023,true,551,false,M,$3.13,551
Giffy,Cradoc,670 321 2974,09/02/2023,12/05/2023,false,552,false,XS,$9.70,552
Laura,Muldrew,278 135 8653,05/19/2023,12/05/2023,true,553,false,2XL,$6.43,553
Traver,Surmeyer,270 642 3281,05/19/2023,12/05/2023,false,554,true,3XL,$6.58,554
Florry,Bartalin,510 931 3407,02/19/2023,12/05/2023,false,555,true,M,$5.79,555
Shandra,Bratcher,158 422 8513,11/26/2023,12/05/2023,true,556,true,XS,$3.42,556
Emanuel,Hendrik,436 757 6485,09/12/2023,12/05/2023,true,557,true,M,$5.81,557
Zea,Ruggier,930 877 5122,01/01/2023,12/05/2023,false,558,true,XS,$1.71,558
Sancho,Benson,841 380 7535,08/19/2023,12/05/2023,true,559,true,XS,$5.75,559
Tanitansy,Mottershaw,568 410 0722,04/25/2023,12/05/2023,true,560,false,2XL,$3.00,560
Tandi,Hurdidge,345 796 3379,11/07/2023,12/05/2023,false,561,false,XS,$7.54,561
Arley,Bache,561 822 7763,05/31/2023,12/05/2023,true,562,true,L,$6.89,562
Darell,Borrowman,391 899 4149,08/01/2023,12/05/2023,false,563,false,XL,$5.66,563
Aurelia,Bathersby,322 982 6341,03/19/2023,12/05/2023,true,564,true,XL,$4.43,564
Carmelita,Dougal,502 763 7123,08/25/2023,12/05/2023,false,565,true,XS,$4.15,565
Harmonie,Fussey,357 699 3586,04/13/2023,12/05/2023,false,566,true,XL,$0.99,566
Kristina,Zavattero,593 118 0972,05/15/2023,12/05/2023,true,567,false,L,$7.88,567
Clarke,Shickle,511 455 4602,08/27/2023,12/05/2023,false,568,true,XS,$4.01,568
Fayina,O'Teague,805 956 5307,05/20/2023,12/05/2023,true,569,false,M,$1.39,569
Codie,Mannin,982 384 9306,03/18/2023,12/05/2023,false,570,false,XS,$5.20,570
Baxie,Duggan,237 323 8150,04/27/2023,12/05/2023,false,571,true,2XL,$5.38,571
Yancy,Jeannot,734 824 6942,01/01/2023,12/05/2023,true,572,true,2XL,$1.69,572
Bathsheba,Maymond,637 587 6270,08/03/2023,12/05/2023,false,573,false,S,$7.78,573
Georas,Cabral,440 910 0099,03/31/2023,12/05/2023,false,574,false,L,$1.56,574
Doreen,Woodcraft,936 768 6647,01/21/2023,12/05/2023,false,575,false,3XL,$1.14,575
Terrell,Bendare,177 517 6016,06/04/2023,12/05/2023,false,576,false,3XL,$7.00,576
Jeth,Bowell,297 632 8378,06/14/2023,12/05/2023,true,577,true,L,$0.98,577
Dunc,Northen,791 807 9549,12/06/2022,12/05/2023,false,578,false,2XL,$0.73,578
Wandis,Cassie,165 839 7891,11/29/2023,12/05/2023,true,579,true,XS,$6.08,579
Noni,Garn,610 784 6783,08/30/2023,12/05/2023,false,580,false,3XL,$2.26,580
Drugi,Stickells,656 288 4253,01/28/2023,12/05/2023,false,581,false,L,$6.20,581
Sheeree,Castro,298 823 0109,01/13/2023,12/05/2023,false,582,false,XL,$5.31,582
Lezley,Pentycost,224 396 3798,08/14/2023,12/05/2023,true,583,false,3XL,$6.45,583
Chad,Uttermare,762 935 5252,01/29/2023,12/05/2023,true,584,false,M,$6.80,584
Lilllie,Bedding,264 210 2544,10/13/2023,12/05/2023,false,585,false,L,$2.81,585
Duky,Selcraig,902 844 5178,07/20/2023,12/05/2023,true,586,false,M,$9.09,586
Marcellus,Mathias,526 467 0914,02/07/2023,12/05/2023,false,587,false,3XL,$9.75,587
Hyacinthe,Stoakley,343 655 5417,02/24/2023,12/05/2023,true,588,true,3XL,$5.53,588
Kelsey,Hullbrook,524 921 7187,11/26/2023,12/05/2023,true,589,false,L,$6.90,589
Angel,Seely,503 658 8202,05/06/2023,12/05/2023,false,590,true,L,$8.06,590
Evelina,Mendonca,910 120 3812,06/06/2023,12/05/2023,true,591,false,2XL,$6.77,591
Tuesday,Porker,908 199 6934,03/02/2023,12/05/2023,false,592,false,2XL,$0.12,592
Randolph,Kinze,917 522 5763,09/20/2023,12/05/2023,false,593,true,3XL,$6.55,593
Rodolph,Dewhurst,180 356 8082,08/07/2023,12/05/2023,true,594,false,M,$3.09,594
Karie,Nollet,697 326 2476,09/22/2023,12/05/2023,true,595,false,3XL,$2.33,595
Brinna,Rack,558 975 9044,01/08/2023,12/05/2023,true,596,false,S,$8.12,596
Dominique,Di Baudi,778 463 3522,04/16/2023,12/05/2023,true,597,true,2XL,$3.56,597
Gwenore,Ralling,874 893 2863,12/24/2022,12/05/2023,true,598,false,2XL,$7.63,598
Lynnea,Postles,432 689 8674,04/08/2023,12/05/2023,false,599,false,XS,$7.79,599
Stinky,Breit,234 142 6399,10/22/2023,12/05/2023,true,600,true,L,$0.72,600
Shane,Francino,668 167 6235,10/13/2023,12/05/2023,true,601,true,2XL,$6.82,601
Mateo,Altree,991 347 7455,02/23/2023,12/05/2023,false,602,true,2XL,$9.05,602
Adiana,Fernandez,674 352 3490,09/23/2023,12/05/2023,true,603,true,L,$2.19,603
Morten,Sapseed,254 143 4709,05/10/2023,12/05/2023,true,604,false,XS,$1.88,604
Fredia,Le land,256 231 1195,12/08/2022,12/05/2023,true,605,true,3XL,$6.62,605
Jourdan,Daborn,639 797 4893,04/01/2023,12/05/2023,false,606,false,S,$0.70,606
Lance,Strawbridge,786 235 1847,09/16/2023,12/05/2023,true,607,true,2XL,$5.92,607
Renelle,Bolens,479 410 0701,03/15/2023,12/05/2023,true,608,true,S,$8.87,608
Nerte,Spindler,145 645 9460,12/12/2022,12/05/2023,false,609,false,S,$4.84,609
Siffre,Clausius,629 701 2482,10/12/2023,12/05/2023,false,610,false,3XL,$5.44,610
Giffard,Greenroyd,806 598 7371,01/10/2023,12/05/2023,false,611,true,3XL,$5.74,611
Tommie,Bergstram,384 250 5273,05/08/2023,12/05/2023,true,612,true,S,$9.43,612
Agnola,Tunniclisse,527 897 6575,07/04/2023,12/05/2023,false,613,true,L,$6.65,613
Berkie,O' Neligan,738 587 4953,01/17/2023,12/05/2023,false,614,false,S,$7.50,614
Allister,Hoggins,341 562 0942,10/12/2023,12/05/2023,false,615,false,3XL,$5.73,615
Harland,Crinkley,831 752 9338,11/10/2023,12/05/2023,false,616,true,2XL,$5.02,616
Pattin,See,617 377 0076,10/06/2023,12/05/2023,true,617,true,M,$2.80,617
Cooper,Aprahamian,329 308 0633,03/23/2023,12/05/2023,true,618,false,XS,$3.88,618
Royce,Holdworth,691 118 3425,05/09/2023,12/05/2023,false,619,true,S,$0.27,619
Vikky,Coucher,982 980 2513,12/07/2022,12/05/2023,true,620,true,2XL,$1.60,620
Shepherd,Sibly,377 598 9441,11/14/2023,12/05/2023,true,621,false,S,$9.79,621
Chrotoem,Maddaford,723 392 3436,08/01/2023,12/05/2023,true,622,true,XL,$1.08,622
Sonnie,Northridge,151 729 2574,03/01/2023,12/05/2023,false,623,false,S,$3.85,623
Leonid,Stoppard,160 320 7206,05/02/2023,12/05/2023,false,624,true,2XL,$6.39,624
Ernesto,Adamovich,256 408 7265,12/28/2022,12/05/2023,false,625,true,S,$3.75,625
Chick,Calafato,920 347 2129,01/21/2023,12/05/2023,false,626,true,XS,$6.82,626
Jodie,Corrin,218 210 4202,10/20/2023,12/05/2023,true,627,true,XS,$1.93,627
Freida,Hamprecht,388 217 8634,11/10/2023,12/05/2023,true,628,true,L,$1.35,628
Jedediah,Farfoot,940 997 7654,10/14/2023,12/05/2023,false,629,true,XS,$3.17,629
Carmelita,Benam,739 952 1234,09/20/2023,12/05/2023,true,630,true,L,$8.63,630
Jinny,Garfath,253 423 9201,09/09/2023,12/05/2023,true,631,false,XS,$7.41,631
Ursa,Fishbourn,181 903 6623,07/20/2023,12/05/2023,true,632,true,XL,$8.70,632
Lemar,Wilford,567 604 1262,12/16/2022,12/05/2023,true,633,true,S,$4.28,633
Cornie,Ramalhete,928 875 4553,09/01/2023,12/05/2023,true,634,false,2XL,$6.21,634
Stanfield,Craddock,667 872 0209,07/16/2023,12/05/2023,true,635,true,3XL,$9.29,635
Alexio,Capaldi,598 123 2315,11/12/2023,12/05/2023,false,636,false,3XL,$7.85,636
Angelico,Vermer,938 736 7991,02/10/2023,12/05/2023,false,637,false,XL,$6.30,637
Graham,Dougan,506 699 8700,01/02/2023,12/05/2023,true,638,true,2XL,$0.94,638
Burty,Minifie,600 394 6329,09/12/2023,12/05/2023,true,639,false,XS,$5.24,639
Cara,O'Gready,392 431 1393,05/02/2023,12/05/2023,true,640,false,3XL,$9.16,640
Kelly,Cours,272 320 2259,02/03/2023,12/05/2023,false,641,true,M,$4.48,641
Murial,Darcy,725 862 0902,04/25/2023,12/05/2023,false,642,false,S,$0.31,642
Fitzgerald,Horribine,337 275 8265,12/05/2022,12/05/2023,true,643,true,L,$1.39,643
Lyndy,Brouncker,905 804 9853,02/05/2023,12/05/2023,true,644,false,3XL,$2.79,644
Felecia,Durman,991 835 0362,11/29/2023,12/05/2023,true,645,false,3XL,$0.54,645
Albertine,Rapp,706 415 8308,12/06/2022,12/05/2023,false,646,true,S,$5.88,646
Wilburt,Conre,346 336 5323,10/02/2023,12/05/2023,false,647,false,M,$5.53,647
Thom,Shallcrass,720 377 5510,11/23/2023,12/05/2023,true,648,false,M,$0.97,648
Regine,Jefferys,643 418 1914,06/28/2023,12/05/2023,false,649,true,2XL,$0.42,649
Billy,Dibdale,957 118 0853,01/11/2023,12/05/2023,true,650,false,S,$9.15,650
Pernell,Glassborow,359 582 0623,11/24/2023,12/05/2023,false,651,true,M,$3.21,651
Roley,Cowwell,785 483 1429,06/05/2023,12/05/2023,true,652,false,3XL,$8.58,652
Cully,Schiementz,123 701 1938,06/16/2023,12/05/2023,true,653,false,L,$9.79,653
Rycca,Middlemist,405 203 5272,05/11/2023,12/05/2023,true,654,true,XS,$1.55,654
Sally,Fury,988 802 5359,05/18/2023,12/05/2023,false,655,false,3XL,$2.79,655
Lulita,Dreakin,926 552 9056,02/01/2023,12/05/2023,false,656,true,XL,$8.39,656
Elnore,Pitcock,606 591 5683,02/11/2023,12/05/2023,false,657,true,S,$9.91,657
Flint,Uppett,410 481 4047,08/13/2023,12/05/2023,false,658,false,L,$0.76,658
Johanna,Weal,161 202 9019,06/19/2023,12/05/2023,true,659,true,3XL,$3.26,659
Annadiane,Brickner,246 124 4536,07/30/2023,12/05/2023,false,660,false,XS,$1.91,660
Merill,Buttfield,628 497 2198,07/30/2023,12/05/2023,true,661,true,L,$6.46,661
Riccardo,Folini,801 686 8837,03/30/2023,12/05/2023,true,662,true,XS,$4.83,662
Carlin,Balm,814 596 8517,10/17/2023,12/05/2023,true,663,true,2XL,$0.47,663
Shena,Gathwaite,179 883 5162,09/06/2023,12/05/2023,true,664,false,3XL,$7.62,664
Clementine,Smails,469 198 1178,12/10/2022,12/05/2023,true,665,true,XL,$3.08,665
Shaylyn,McArtan,335 465 2728,06/16/2023,12/05/2023,true,666,true,M,$8.32,666
Farrell,Hruska,447 408 5968,06/10/2023,12/05/2023,true,667,true,XS,$1.43,667
Goddart,Osgarby,593 443 5045,10/16/2023,12/05/2023,false,668,false,S,$9.69,668
Winslow,Gabbidon,364 507 9671,02/02/2023,12/05/2023,true,669,true,2XL,$2.92,669
Yolande,Wilks,595 840 8172,04/28/2023,12/05/2023,true,670,false,3XL,$5.41,670
Monte,Sottell,260 310 0454,12/30/2022,12/05/2023,false,671,true,S,$2.75,671
Eddie,Hartil,432 204 8863,09/01/2023,12/05/2023,false,672,true,S,$2.19,672
Bail,Chitham,159 987 3574,06/29/2023,12/05/2023,false,673,true,2XL,$4.76,673
Hadrian,McEttigen,589 756 4803,01/11/2023,12/05/2023,false,674,false,S,$8.04,674
Morissa,Williamson,376 828 1172,04/10/2023,12/05/2023,false,675,true,L,$2.31,675
Brit,Parres,496 470 9859,10/26/2023,12/05/2023,false,676,true,3XL,$4.39,676
Jard,Dewing,358 727 1447,06/17/2023,12/05/2023,false,677,false,XS,$3.74,677
Grant,Knill,190 668 3316,03/14/2023,12/05/2023,true,678,true,XS,$4.13,678
Erda,Lightewood,938 940 2630,02/17/2023,12/05/2023,true,679,false,L,$2.69,679
Kippie,Ruselin,949 214 4379,06/12/2023,12/05/2023,false,680,false,XS,$4.15,680
Tamarra,Woodhams,214 482 7127,01/12/2023,12/05/2023,false,681,true,3XL,$9.20,681
Laurena,Spearman,995 968 1492,02/01/2023,12/05/2023,false,682,false,2XL,$0.71,682
Montague,Amos,725 512 6868,12/08/2022,12/05/2023,true,683,true,XL,$5.24,683
Wilona,Borchardt,717 573 1199,03/25/2023,12/05/2023,true,684,false,2XL,$8.40,684
Claire,Duddell,517 542 2557,08/19/2023,12/05/2023,false,685,true,S,$8.38,685
Elane,Panchin,439 576 7389,01/23/2023,12/05/2023,true,686,false,S,$8.42,686
Remington,Danzey,969 798 7589,02/08/2023,12/05/2023,false,687,false,XL,$9.35,687
Clareta,Wintersgill,902 533 3623,07/25/2023,12/05/2023,true,688,false,2XL,$2.94,688
Mortimer,Bartul,371 791 9316,12/26/2022,12/05/2023,false,689,false,S,$8.02,689
Rhianna,Enoksson,345 546 4579,08/09/2023,12/05/2023,true,690,false,M,$8.39,690
Bowie,Carsey,160 960 9918,04/01/2023,12/05/2023,false,691,true,3XL,$3.49,691
Freeland,Westall,460 697 6222,10/12/2023,12/05/2023,true,692,false,L,$6.84,692
Mitchael,Van Der Vlies,499 848 1737,09/26/2023,12/05/2023,true,693,false,L,$3.81,693
Brand,Martyntsev,933 107 9289,11/22/2023,12/05/2023,true,694,true,M,$1.25,694
Conni,Matusovsky,977 809 1450,02/13/2023,12/05/2023,true,695,true,XL,$9.80,695
Karisa,Staniforth,818 248 7987,10/06/2023,12/05/2023,false,696,false,3XL,$1.15,696
Abba,Reynard,151 375 7319,09/29/2023,12/05/2023,true,697,true,M,$4.82,697
Linn,Boardman,770 312 8613,04/17/2023,12/05/2023,false,698,true,XL,$7.99,698
Godart,Stiller,735 442 5982,01/05/2023,12/05/2023,false,699,true,2XL,$6.17,699
Sella,Adamovich,101 798 1495,10/12/2023,12/05/2023,false,700,true,XL,$6.78,700
Jase,Flew,347 169 1265,07/31/2023,12/05/2023,true,701,false,XS,$2.83,701
Bourke,Hassett,771 975 2226,04/16/2023,12/05/2023,false,702,false,L,$3.13,702
Sam,Sirkett,833 945 3188,09/25/2023,12/05/2023,false,703,true,XL,$6.91,703
Pincas,Schwander,601 121 9010,01/16/2023,12/05/2023,false,704,true,2XL,$5.69,704
Cornell,Sommerville,401 621 5850,02/14/2023,12/05/2023,false,705,false,XS,$9.08,705
Anthia,Hurdle,479 613 8807,11/13/2023,12/05/2023,true,706,false,M,$0.83,706
Bobbee,Fandrey,258 220 0752,06/24/2023,12/05/2023,false,707,true,S,$8.92,707
Kristoffer,Rugge,271 765 7700,07/31/2023,12/05/2023,true,708,true,L,$3.49,708
Sibbie,Milhench,529 429 0092,10/12/2023,12/05/2023,true,709,true,L,$0.09,709
Aldric,Paulazzi,787 275 7407,10/10/2023,12/05/2023,true,710,false,XL,$6.58,710
Davy,Brignall,687 783 9144,03/28/2023,12/05/2023,true,711,true,S,$9.21,711
Joly,Hrishchenko,167 354 8847,06/16/2023,12/05/2023,true,712,true,XL,$9.05,712
Kyla,Scully,888 882 1010,06/23/2023,12/05/2023,true,713,true,S,$9.54,713
Schuyler,Tilling,879 412 8789,12/23/2022,12/05/2023,true,714,false,XL,$1.39,714
Fransisco,Garza,775 571 0294,07/07/2023,12/05/2023,true,715,false,XS,$9.75,715
Renell,Ruddell,609 270 9778,03/09/2023,12/05/2023,false,716,false,L,$2.23,716
Maible,Curteis,831 410 0438,12/05/2022,12/05/2023,false,717,true,2XL,$0.38,717
Thatcher,Ivanaev,352 890 2565,12/29/2022,12/05/2023,true,718,true,S,$7.46,718
Carolynn,Want,275 315 9383,07/27/2023,12/05/2023,false,719,false,S,$1.25,719
Gilly,Pringle,400 482 1998,06/21/2023,12/05/2023,false,720,true,XL,$4.40,720
Marget,Filippyev,252 759 3587,06/03/2023,12/05/2023,true,721,false,S,$1.54,721
Walsh,Cridlan,694 281 0358,08/30/2023,12/05/2023,true,722,true,XL,$9.42,722
Niel,Scoffham,198 493 9745,03/11/2023,12/05/2023,true,723,false,3XL,$7.71,723
Jenna,Brason,984 533 6307,07/18/2023,12/05/2023,true,724,false,L,$8.32,724
Anet,Harbour,406 928 4805,12/14/2022,12/05/2023,true,725,true,XS,$1.96,725
Rani,Mills,259 583 3614,07/12/2023,12/05/2023,false,726,false,M,$5.34,726
Margit,Muzzollo,811 698 5921,10/02/2023,12/05/2023,true,727,false,L,$5.18,727
Gorden,Jozefiak,666 333 6914,07/31/2023,12/05/2023,false,728,false,2XL,$0.25,728
Bartholomew,Guymer,450 149 7888,12/07/2022,12/05/2023,false,729,false,3XL,$7.76,729
Chrissy,Hinemoor,533 523 4380,09/06/2023,12/05/2023,false,730,false,XL,$1.47,730
Joaquin,Sargeant,417 441 5325,05/19/2023,12/05/2023,true,731,false,XL,$6.53,731
Richmond,Chastang,662 437 8032,12/02/2023,12/05/2023,true,732,false,XL,$9.55,732
Lexi,Fend,141 356 9416,02/23/2023,12/05/2023,true,733,true,2XL,$8.53,733
Nerita,Witherbed,821 205 8924,08/14/2023,12/05/2023,true,734,false,L,$2.95,734
Jaimie,Jones,919 405 8099,05/29/2023,12/05/2023,true,735,false,M,$7.89,735
Alaster,Gaythwaite,165 766 4578,12/12/2022,12/05/2023,false,736,false,M,$1.48,736
Vincents,Swayte,147 668 5227,06/20/2023,12/05/2023,true,737,false,M,$0.24,737
Kylie,Raunds,679 533 2661,08/12/2023,12/05/2023,true,738,true,L,$4.10,738
Trip,Leamon,215 989 9693,01/04/2023,12/05/2023,false,739,true,S,$4.63,739
Jecho,Kuhne,598 825 7119,10/06/2023,12/05/2023,false,740,false,XL,$7.74,740
Marcella,Kestle,633 323 9512,01/15/2023,12/05/2023,false,741,false,3XL,$8.68,741
Loreen,Winspar,624 761 7378,01/30/2023,12/05/2023,false,742,true,2XL,$8.33,742
Rochelle,Spridgen,324 136 7535,06/16/2023,12/05/2023,false,743,false,S,$1.42,743
Worthington,Dragge,655 540 6065,05/29/2023,12/05/2023,false,744,false,M,$6.16,744
Jayme,Byers,175 810 6984,06/13/2023,12/05/2023,true,745,true,3XL,$7.14,745
Ash,Bezant,655 837 1842,10/01/2023,12/05/2023,true,746,true,XS,$8.88,746
Robenia,Lowndesbrough,585 488 5328,02/09/2023,12/05/2023,true,747,true,3XL,$2.71,747
Steffane,Halsall,805 185 2177,08/22/2023,12/05/2023,true,748,false,2XL,$6.83,748
Afton,Prettjohn,677 650 3505,10/04/2023,12/05/2023,false,749,false,S,$7.94,749
Darcy,Pellew,360 925 2427,06/11/2023,12/05/2023,true,750,false,M,$8.44,750
Kevon,Prazer,149 130 3945,12/26/2022,12/05/2023,false,751,false,S,$9.41,751
Sharl,Ludee,459 221 0244,10/08/2023,12/05/2023,true,752,true,L,$5.34,752
Dalton,Tudbald,201 755 2542,12/29/2022,12/05/2023,false,753,false,XS,$7.12,753
Clarice,Buston,980 346 2832,02/02/2023,12/05/2023,true,754,false,L,$8.67,754
Gibb,Dietz,909 235 9839,05/09/2023,12/05/2023,true,755,false,XL,$8.78,755
Berny,Liptrod,843 633 5650,04/14/2023,12/05/2023,true,756,false,3XL,$9.66,756
Thomasine,O'Hallihane,542 697 4742,01/02/2023,12/05/2023,false,757,true,M,$6.05,757
Geoffry,Gurnett,703 536 5136,08/26/2023,12/05/2023,false,758,true,S,$6.36,758
Nollie,Lodwick,153 458 4862,07/31/2023,12/05/2023,true,759,false,M,$3.06,759
Leda,Felton,584 880 0697,06/22/2023,12/05/2023,false,760,true,M,$2.91,760
Lelia,Salamon,292 649 9312,06/16/2023,12/05/2023,true,761,true,XL,$9.20,761
Sharleen,MacNulty,391 334 5360,12/24/2022,12/05/2023,true,762,true,3XL,$3.84,762
Brennen,Moxsom,905 568 1839,08/31/2023,12/05/2023,false,763,true,S,$1.43,763
Maurice,Jira,848 187 3062,11/23/2023,12/05/2023,false,764,false,2XL,$5.12,764
Jemima,Cawston,652 542 6617,06/11/2023,12/05/2023,true,765,false,S,$9.79,765
Yul,Kernocke,437 722 2603,04/22/2023,12/05/2023,false,766,false,XL,$0.64,766
Hillie,Gillyett,541 464 2369,06/27/2023,12/05/2023,false,767,true,3XL,$1.52,767
Gibby,Wroth,367 511 9115,07/25/2023,12/05/2023,false,768,false,M,$5.10,768
Gar,Pavlov,496 995 5861,08/10/2023,12/05/2023,true,769,true,S,$0.84,769
Papagena,Baseke,991 281 9619,07/29/2023,12/05/2023,false,770,true,S,$5.84,770
Raven,Scoggan,608 297 5202,12/16/2022,12/05/2023,false,771,false,M,$0.44,771
Barbaraanne,Cholonin,519 739 4037,07/05/2023,12/05/2023,false,772,true,XS,$0.21,772
Abbey,Lammerich,858 655 2238,09/24/2023,12/05/2023,true,773,true,2XL,$2.20,773
Marlo,Brinkler,530 967 6462,01/11/2023,12/05/2023,true,774,false,S,$4.85,774
Dionne,McCarver,507 701 0641,01/24/2023,12/05/2023,false,775,false,XL,$9.48,775
Skipper,Pfeffle,426 649 1444,05/05/2023,12/05/2023,true,776,false,2XL,$3.98,776
Randi,Verecker,946 956 7097,03/01/2023,12/05/2023,true,777,true,M,$9.31,777
Leda,Reynish,474 586 3430,10/01/2023,12/05/2023,false,778,true,2XL,$3.43,778
James,Parlor,358 605 8713,01/28/2023,12/05/2023,false,779,true,3XL,$0.64,779
Oswell,Rubenczyk,436 278 5955,01/25/2023,12/05/2023,true,780,true,XS,$0.42,780
Morse,Issacof,200 805 9530,07/17/2023,12/05/2023,true,781,true,XS,$1.28,781
Wynn,Myrkus,129 190 0255,05/04/2023,12/05/2023,false,782,false,2XL,$8.85,782
Karlen,Valentin,442 226 4390,12/06/2022,12/05/2023,false,783,true,L,$4.65,783
Dwayne,Smither,211 232 1576,03/11/2023,12/05/2023,false,784,true,S,$8.16,784
Merrilee,Pettiford,813 354 6168,09/29/2023,12/05/2023,true,785,true,XL,$9.48,785
Dennis,Stopher,785 526 4228,01/25/2023,12/05/2023,false,786,false,3XL,$2.44,786
Eduard,Petheridge,889 552 1221,05/02/2023,12/05/2023,true,787,false,M,$7.94,787
Nevin,Fripps,103 626 9042,07/18/2023,12/05/2023,false,788,true,3XL,$6.00,788
Jon,Orpen,907 926 5755,06/25/2023,12/05/2023,false,789,true,M,$3.46,789
Alysia,Pughsley,427 863 1692,07/13/2023,12/05/2023,false,790,true,XS,$1.28,790
Noble,Baumadier,929 784 3740,04/24/2023,12/05/2023,false,791,true,XS,$4.26,791
Timotheus,Reiner,731 520 0862,12/21/2022,12/05/2023,false,792,false,XL,$7.88,792
Webb,Bettaney,193 795 5155,11/26/2023,12/05/2023,true,793,false,L,$2.16,793
Morissa,Cranna,230 549 1233,09/16/2023,12/05/2023,false,794,true,XL,$4.75,794
Ros,Eastabrook,450 734 6424,08/01/2023,12/05/2023,true,795,false,XL,$5.23,795
Codi,Burlingame,313 605 3264,04/16/2023,12/05/2023,true,796,false,XS,$9.80,796
Rolf,Eisikovitsh,322 915 5187,03/06/2023,12/05/2023,false,797,true,XS,$7.57,797
Benedict,Richichi,377 249 3586,11/13/2023,12/05/2023,false,798,false,L,$5.36,798
Selestina,Keaveney,697 516 9362,02/12/2023,12/05/2023,false,799,true,3XL,$8.78,799
Kaitlin,Goldhill,362 483 9425,04/07/2023,12/05/2023,true,800,true,M,$2.06,800
Ezequiel,Houlison,469 423 1792,07/23/2023,12/05/2023,false,801,false,L,$3.24,801
Georgeanna,Drakes,750 242 3139,01/12/2023,12/05/2023,false,802,true,M,$6.73,802
Murvyn,Dadge,432 984 7810,02/10/2023,12/05/2023,true,803,false,3XL,$3.81,803
Ruthann,Llewellen,462 484 0894,09/20/2023,12/05/2023,false,804,true,M,$3.86,804
Aimil,Geare,160 771 5055,09/16/2023,12/05/2023,true,805,false,M,$9.28,805
Tedmund,Skittrall,657 666 7433,05/05/2023,12/05/2023,true,806,true,3XL,$7.33,806
Dorthea,Goodredge,936 346 5539,09/20/2023,12/05/2023,false,807,false,2XL,$6.47,807
Rickie,Meah,626 940 9071,08/26/2023,12/05/2023,false,808,true,S,$5.89,808
Margie,Duncklee,857 666 1178,01/06/2023,12/05/2023,true,809,true,XS,$3.44,809
Leroi,Scobbie,586 162 9014,10/13/2023,12/05/2023,true,810,false,3XL,$1.35,810
Ed,Annakin,230 813 1243,09/18/2023,12/05/2023,true,811,false,2XL,$8.14,811
Felice,Cowlard,146 987 9034,02/16/2023,12/05/2023,true,812,true,2XL,$0.32,812
Natalina,Shemilt,483 470 1401,06/05/2023,12/05/2023,false,813,true,2XL,$2.74,813
Rudiger,Amaya,954 749 3654,02/21/2023,12/05/2023,true,814,true,XL,$5.93,814
Duky,Aven,901 620 8149,07/02/2023,12/05/2023,false,815,true,XL,$6.35,815
Tedda,Jerrans,337 261 6734,07/09/2023,12/05/2023,true,816,true,XS,$5.44,816
Louis,Pays,262 346 8398,03/06/2023,12/05/2023,false,817,false,XL,$9.74,817
Rem,Markson,706 672 5643,07/29/2023,12/05/2023,false,818,false,M,$2.74,818
Anastassia,Corradi,909 304 0718,12/13/2022,12/05/2023,true,819,true,M,$1.59,819
Blondelle,Alker,268 252 3228,08/10/2023,12/05/2023,false,820,false,2XL,$8.69,820
Gerry,Simmill,906 580 7548,01/16/2023,12/05/2023,true,821,true,XL,$7.82,821
Matias,Matuszynski,820 346 2390,04/06/2023,12/05/2023,true,822,true,S,$4.78,822
Terri,Hutson,806 292 7131,11/05/2023,12/05/2023,false,823,false,L,$5.51,823
Sinclair,Burcombe,383 760 2341,05/12/2023,12/05/2023,true,824,true,2XL,$8.47,824
Perry,Waring,356 996 3313,04/07/2023,12/05/2023,false,825,true,S,$4.85,825
Kelcie,Goodyer,153 488 1162,12/15/2022,12/05/2023,false,826,false,XL,$9.12,826
Latisha,Rounsefull,957 923 0738,08/31/2023,12/05/2023,false,827,false,2XL,$4.34,827
Jodi,Ravelus,692 706 2971,06/17/2023,12/05/2023,true,828,true,2XL,$5.94,828
Michal,Melia,524 201 4548,01/01/2023,12/05/2023,true,829,true,S,$6.97,829
Wesley,Coyett,402 788 6419,12/12/2022,12/05/2023,false,830,true,2XL,$7.84,830
Albertine,Crowth,783 245 7270,08/20/2023,12/05/2023,true,831,false,3XL,$7.63,831
Luise,Spurnier,277 202 2382,02/18/2023,12/05/2023,false,832,true,2XL,$0.73,832
Cathleen,Coyish,889 292 5333,05/08/2023,12/05/2023,true,833,true,XS,$9.73,833
Inesita,Galletly,723 595 4787,12/20/2022,12/05/2023,true,834,true,2XL,$8.70,834
Rickard,Lea,119 746 2216,02/14/2023,12/05/2023,true,835,false,XS,$5.00,835
Gabe,Lark,587 210 8720,11/28/2023,12/05/2023,false,836,false,XS,$1.89,836
Cy,Prover,276 403 5827,04/05/2023,12/05/2023,true,837,true,S,$0.95,837
Miranda,Aluard,403 779 8598,03/13/2023,12/05/2023,false,838,false,S,$4.57,838
Delores,Rounsefell,658 382 0018,02/21/2023,12/05/2023,false,839,true,M,$2.16,839
Guthry,Regorz,330 792 8211,01/22/2023,12/05/2023,false,840,false,M,$4.22,840
Samson,Healy,244 478 0104,01/07/2023,12/05/2023,false,841,true,S,$4.67,841
Nicolette,Miskimmon,884 606 1463,05/11/2023,12/05/2023,false,842,true,S,$6.63,842
Saunders,Climar,304 783 3595,08/26/2023,12/05/2023,false,843,false,2XL,$8.73,843
Penelopa,Lorenzetti,468 882 0152,09/22/2023,12/05/2023,false,844,true,L,$9.19,844
Francisco,Deshon,215 743 1010,06/12/2023,12/05/2023,true,845,true,XS,$6.10,845
Nari,Gilbanks,913 279 8369,04/16/2023,12/05/2023,true,846,false,XL,$1.48,846
Daren,Wheeldon,464 118 2149,10/10/2023,12/05/2023,false,847,false,L,$4.45,847
Alexandra,Ipsgrave,534 909 9304,10/12/2023,12/05/2023,true,848,false,M,$9.71,848
Cullie,Aysh,507 882 2488,04/16/2023,12/05/2023,true,849,true,XS,$9.95,849
Brant,Sandle,941 938 9756,11/29/2023,12/05/2023,true,850,true,XS,$4.77,850
Harriet,Iacomo,815 808 6955,09/14/2023,12/05/2023,false,851,false,3XL,$8.28,851
Zebadiah,Gadsdon,492 977 9583,12/14/2022,12/05/2023,false,852,false,L,$5.13,852
Aldus,McDonell,217 459 5217,10/31/2023,12/05/2023,true,853,false,S,$4.28,853
Rowan,Troth,201 769 1505,01/08/2023,12/05/2023,false,854,true,L,$2.53,854
Zechariah,Salmon,884 449 9618,12/09/2022,12/05/2023,false,855,true,L,$9.53,855
Lazar,Oldcroft,683 445 8435,07/29/2023,12/05/2023,false,856,false,XS,$6.12,856
Ilyssa,Glassopp,118 627 1394,05/03/2023,12/05/2023,false,857,false,M,$4.89,857
Rhetta,Parsisson,203 166 3863,09/27/2023,12/05/2023,false,858,true,S,$3.05,858
Kimmi,Cheng,865 606 3181,03/28/2023,12/05/2023,false,859,false,3XL,$3.09,859
Trueman,Cockerill,157 202 3603,07/30/2023,12/05/2023,false,860,true,2XL,$7.12,860
Ashbey,Matyushonok,350 654 8985,04/01/2023,12/05/2023,true,861,false,M,$3.24,861
Erv,Holehouse,550 159 8328,11/25/2023,12/05/2023,true,862,true,M,$9.30,862
Tobin,Haycroft,861 125 9769,04/21/2023,12/05/2023,true,863,true,2XL,$2.66,863
Stephanie,von Nassau,334 215 6550,01/12/2023,12/05/2023,true,864,true,2XL,$1.15,864
Dawn,Bompas,623 791 0288,03/05/2023,12/05/2023,true,865,false,XS,$0.72,865
Charlotte,Fretson,269 176 8233,03/25/2023,12/05/2023,true,866,true,L,$2.40,866
Schuyler,Dumingo,379 383 4437,07/05/2023,12/05/2023,false,867,false,3XL,$1.48,867
Darda,Venner,474 182 7856,02/20/2023,12/05/2023,true,868,true,3XL,$3.14,868
Darcey,Lawler,728 408 4751,03/19/2023,12/05/2023,true,869,true,L,$8.65,869
Stanwood,Puncher,654 315 5243,01/05/2023,12/05/2023,true,870,true,XS,$2.53,870
Ben,Eggins,391 544 8178,02/26/2023,12/05/2023,false,871,false,3XL,$8.06,871
Arthur,Fessions,145 487 1277,09/24/2023,12/05/2023,true,872,false,2XL,$6.48,872
Catlee,Eddington,680 413 8313,08/06/2023,12/05/2023,true,873,true,2XL,$8.87,873
Maximilien,Sextie,663 765 0447,10/20/2023,12/05/2023,false,874,true,XL,$6.39,874
Shane,Harnell,702 592 3552,11/04/2023,12/05/2023,true,875,true,XS,$4.73,875
Cassandre,Ransley,151 150 4864,07/29/2023,12/05/2023,false,876,true,L,$3.99,876
Ali,Rowlstone,170 746 1822,05/19/2023,12/05/2023,true,877,true,S,$1.07,877
Muffin,Malkie,124 159 6934,04/08/2023,12/05/2023,true,878,false,XS,$8.42,878
Pryce,Fittes,434 283 8989,10/15/2023,12/05/2023,true,879,true,XL,$2.20,879
Vance,Extall,711 343 4769,01/23/2023,12/05/2023,true,880,false,S,$9.06,880
Rance,Poppleston,871 743 7057,03/04/2023,12/05/2023,false,881,false,L,$7.39,881
Marmaduke,Eisikovitsh,947 690 3041,09/15/2023,12/05/2023,true,882,false,L,$2.14,882
Quincy,Skeggs,512 968 7316,04/29/2023,12/05/2023,true,883,true,L,$3.25,883
Maridel,Leake,454 750 2589,07/12/2023,12/05/2023,true,884,false,XS,$5.58,884
Morrie,Forbes,550 582 8631,06/10/2023,12/05/2023,false,885,true,L,$4.55,885
Eimile,Magee,148 421 2762,02/26/2023,12/05/2023,false,886,false,XL,$4.67,886
Albertine,Doud,887 582 4588,02/28/2023,12/05/2023,true,887,true,2XL,$7.77,887
Fabe,Oaten,580 714 0946,03/09/2023,12/05/2023,false,888,false,XS,$0.76,888
Shannah,Moscon,560 886 0935,05/18/2023,12/05/2023,true,889,false,XL,$4.33,889
Emmie,Britcher,300 261 5529,03/14/2023,12/05/2023,true,890,true,2XL,$3.78,890
Juan,Duffet,978 715 7616,06/08/2023,12/05/2023,false,891,true,2XL,$7.78,891
Hamilton,Flewitt,535 608 1566,03/12/2023,12/05/2023,true,892,true,L,$8.53,892
Florinda,Andrieux,409 139 4489,01/07/2023,12/05/2023,false,893,true,M,$0.23,893
Lenci,Sach,731 774 8991,09/06/2023,12/05/2023,true,894,false,XL,$0.35,894
Jude,Comberbeach,236 362 0054,11/04/2023,12/05/2023,false,895,true,XL,$8.26,895
Gertruda,Clerc,952 773 1670,04/30/2023,12/05/2023,true,896,true,M,$6.68,896
Randy,Dorcey,717 137 1291,09/12/2023,12/05/2023,true,897,false,L,$8.58,897
Far,Croft,508 306 2654,10/28/2023,12/05/2023,true,898,false,M,$7.25,898
Aimil,Kineton,742 805 5348,08/12/2023,12/05/2023,false,899,true,XL,$3.73,899
Jayme,Voice,275 392 3513,12/12/2022,12/05/2023,false,900,false,3XL,$5.19,900
Annice,Loveridge,828 777 5859,06/10/2023,12/05/2023,true,901,true,M,$7.74,901
Bevin,Kristof,728 962 2151,10/19/2023,12/05/2023,true,902,true,S,$6.93,902
Aldous,Retallick,575 971 3273,09/12/2023,12/05/2023,true,903,true,XL,$1.41,903
Port,O'Hartagan,231 268 4750,06/25/2023,12/05/2023,true,904,false,XS,$3.19,904
Alia,Wretham,771 862 9474,02/06/2023,12/05/2023,true,905,true,S,$2.01,905
Dionis,Loukes,790 843 6135,01/14/2023,12/05/2023,false,906,true,XL,$3.92,906
Trix,Trunks,239 763 4312,01/06/2023,12/05/2023,true,907,false,L,$7.75,907
Artair,Lovitt,536 159 4548,07/11/2023,12/05/2023,false,908,false,S,$1.66,908
Clovis,Napolione,597 203 2720,06/20/2023,12/05/2023,false,909,false,XL,$4.70,909
Roseanna,Vine,871 214 5324,01/05/2023,12/05/2023,false,910,true,3XL,$1.84,910
Godfry,Kienlein,181 558 4286,03/18/2023,12/05/2023,true,911,true,XS,$3.68,911
Cathie,Chaffen,817 863 0955,12/26/2022,12/05/2023,true,912,true,L,$1.43,912
Reinaldo,Gritskov,685 157 9676,03/26/2023,12/05/2023,true,913,false,S,$9.62,913
Nico,Channing,236 694 2405,05/25/2023,12/05/2023,true,914,false,XS,$1.69,914
Cal,Lias,175 272 0492,11/29/2023,12/05/2023,true,915,false,2XL,$3.70,915
Lea,Angrick,439 701 2447,01/19/2023,12/05/2023,false,916,false,XS,$3.08,916
Tucker,Dubbin,865 455 9944,03/04/2023,12/05/2023,true,917,true,XS,$7.84,917
Camel,Francombe,727 727 9277,06/26/2023,12/05/2023,true,918,true,2XL,$8.02,918
Monica,Dulanty,233 389 3730,03/12/2023,12/05/2023,true,919,true,XS,$4.38,919
Amalea,Soldner,870 796 1070,05/16/2023,12/05/2023,false,920,false,2XL,$2.45,920
Felix,Ducker,156 274 6799,04/28/2023,12/05/2023,false,921,true,M,$8.58,921
Georgianna,Passey,433 953 6008,06/22/2023,12/05/2023,false,922,false,XS,$4.44,922
Farris,Rawlison,237 510 5229,10/04/2023,12/05/2023,true,923,false,XL,$8.55,923
Lonnie,Oliva,193 225 0171,04/15/2023,12/05/2023,false,924,true,XS,$2.06,924
Latrina,Kalker,869 340 5789,07/18/2023,12/05/2023,true,925,false,2XL,$8.96,925
Flossi,Nadin,390 816 2199,08/30/2023,12/05/2023,false,926,true,S,$5.35,926
Benjamin,Rizzo,381 352 2876,01/24/2023,12/05/2023,false,927,false,XL,$8.29,927
Sharity,Salman,963 348 5503,09/15/2023,12/05/2023,true,928,false,XS,$8.86,928
Liza,Overal,129 207 3988,09/07/2023,12/05/2023,false,929,true,XS,$0.77,929
Garry,Lujan,985 482 1513,11/11/2023,12/05/2023,false,930,true,S,$0.16,930
Ramon,Battie,498 853 3255,05/12/2023,12/05/2023,false,931,true,3XL,$8.35,931
Eugenius,Barszczewski,896 465 8660,04/20/2023,12/05/2023,false,932,false,S,$6.52,932
Brett,Hellikes,146 960 2793,07/06/2023,12/05/2023,false,933,false,M,$1.67,933
Lezley,McVittie,653 811 6573,11/26/2023,12/05/2023,true,934,true,XS,$5.26,934
Malcolm,Meddemmen,536 897 5569,12/22/2022,12/05/2023,false,935,true,2XL,$2.97,935
Mabelle,Greenhouse,406 989 8361,04/27/2023,12/05/2023,true,936,false,M,$7.14,936
Toddy,Blakeslee,772 142 6664,03/31/2023,12/05/2023,true,937,true,XS,$9.74,937
Valentia,De Benedictis,526 174 8255,02/24/2023,12/05/2023,false,938,false,S,$9.16,938
Turner,Furlong,990 569 3310,10/04/2023,12/05/2023,true,939,true,S,$3.41,939
Kally,Achurch,551 680 2596,09/10/2023,12/05/2023,false,940,false,L,$5.12,940
Reiko,Fordy,673 816 1885,09/28/2023,12/05/2023,true,941,false,S,$7.30,941
Nan,Bunstone,238 222 7300,09/19/2023,12/05/2023,true,942,false,L,$4.65,942
Emmy,Doy,652 473 5309,09/24/2023,12/05/2023,false,943,false,XS,$1.14,943
Melloney,Munro,254 448 4271,06/29/2023,12/05/2023,true,944,false,L,$8.09,944
Wallis,Murrison,814 689 5084,07/04/2023,12/05/2023,true,945,true,XS,$4.65,945
Faye,Sinclair,391 990 3933,03/10/2023,12/05/2023,true,946,true,L,$6.17,946
Kele,Ticehurst,356 228 5146,08/10/2023,12/05/2023,false,947,true,3XL,$6.53,947
Beltran,Offell,168 404 1464,05/29/2023,12/05/2023,false,948,false,2XL,$6.32,948
Fay,Craney,526 813 4916,03/25/2023,12/05/2023,false,949,true,3XL,$6.65,949
Lesya,Cullotey,731 588 7050,01/01/2023,12/05/2023,true,950,true,XL,$1.90,950
Lu,Gorstidge,698 716 2393,05/27/2023,12/05/2023,false,951,true,M,$0.90,951
Yorgos,Ruck,301 450 3681,04/16/2023,12/05/2023,false,952,true,L,$2.00,952
Loy,Ethington,733 979 4595,02/22/2023,12/05/2023,true,953,true,XL,$7.24,953
Carlynne,Izard,718 540 1581,12/21/2022,12/05/2023,true,954,false,XS,$6.86,954
Nobe,Easeman,875 384 5635,09/13/2023,12/05/2023,false,955,false,XS,$5.90,955
Izabel,Burchess,328 463 7885,01/18/2023,12/05/2023,false,956,false,S,$5.25,956
Hedi,Fehners,387 476 8462,03/20/2023,12/05/2023,true,957,false,XL,$1.61,957
Torrence,Dinse,983 727 8495,11/12/2023,12/05/2023,true,958,true,3XL,$4.40,958
Francklyn,Knapper,422 908 5424,09/15/2023,12/05/2023,false,959,true,M,$5.70,959
Dannie,Spybey,727 243 0675,09/21/2023,12/05/2023,true,960,false,L,$3.81,960
Erinn,Arnaldi,410 239 0917,10/24/2023,12/05/2023,true,961,true,2XL,$9.71,961
Nancie,Grzes,393 158 6250,12/14/2022,12/05/2023,true,962,true,S,$2.45,962
Woodie,Serjeant,347 991 6066,04/19/2023,12/05/2023,true,963,true,XL,$3.49,963
Dinah,Jeffes,210 392 5411,01/20/2023,12/05/2023,false,964,true,3XL,$0.71,964
Cristal,Bernardy,319 347 0240,10/27/2023,12/05/2023,true,965,false,XS,$8.30,965
Stephani,Knowlman,553 308 6366,12/07/2022,12/05/2023,false,966,true,XL,$7.24,966
Rosy,Norkett,485 989 0152,06/22/2023,12/05/2023,false,967,true,S,$0.14,967
Emilio,Blabey,831 382 5971,07/28/2023,12/05/2023,true,968,false,3XL,$1.93,968
Tate,Wyles,763 219 5337,05/23/2023,12/05/2023,true,969,true,3XL,$4.01,969
Jenine,Walbridge,197 517 9687,08/22/2023,12/05/2023,true,970,true,2XL,$4.05,970
Sephira,Newton,402 802 6237,07/11/2023,12/05/2023,false,971,true,3XL,$5.81,971
Marnie,Champken,548 244 1400,04/04/2023,12/05/2023,true,972,false,3XL,$9.07,972
Caro,Dwelly,465 884 7978,04/30/2023,12/05/2023,true,973,true,3XL,$7.01,973
Starla,Milkin,246 523 7357,05/06/2023,12/05/2023,false,974,true,S,$1.43,974
Ambur,Harkins,363 552 5978,09/20/2023,12/05/2023,true,975,false,3XL,$5.83,975
Gilda,Canadas,459 627 4305,12/13/2022,12/05/2023,false,976,false,S,$3.28,976
Prescott,Dunklee,714 194 8499,12/17/2022,12/05/2023,false,977,true,XL,$1.27,977
Gweneth,Hayball,106 136 0708,05/16/2023,12/05/2023,false,978,true,XL,$8.38,978
Erina,Nanetti,990 935 6366,06/12/2023,12/05/2023,false,979,false,2XL,$5.72,979
Willem,Carrell,488 418 5634,11/19/2023,12/05/2023,false,980,true,XS,$0.97,980
Amandie,Winkless,371 433 8646,04/08/2023,12/05/2023,false,981,true,S,$0.76,981
Magdaia,Deeson,136 543 7190,02/13/2023,12/05/2023,false,982,true,2XL,$7.73,982
Stavro,Treske,575 563 2814,04/21/2023,12/05/2023,true,983,false,M,$7.63,983
Mickey,Cobden,545 104 2567,12/28/2022,12/05/2023,true,984,false,XL,$0.01,984
Christophorus,Ferrari,175 565 8533,05/08/2023,12/05/2023,true,985,false,XS,$5.30,985
Conchita,Prandini,318 826 3998,04/09/2023,12/05/2023,true,986,true,S,$7.31,986
Reagen,Neubigin,317 493 2955,10/02/2023,12/05/2023,true,987,false,XS,$4.63,987
Ignazio,Edwinson,286 399 0366,10/22/2023,12/05/2023,false,988,true,XS,$0.86,988
Corrina,Gayden,225 393 4037,11/09/2023,12/05/2023,true,989,true,M,$5.29,989
Ally,Froom,990 565 6244,04/15/2023,12/05/2023,true,990,true,L,$3.31,990
Oberon,Peatt,752 396 0478,07/03/2023,12/05/2023,true,991,true,M,$5.04,991
Romy,Luty,844 912 9214,04/04/2023,12/05/2023,false,992,false,M,$2.51,992
Dilly,Stringer,635 118 7103,10/21/2023,12/05/2023,true,993,true,S,$0.22,993
Aldo,De Pietri,330 852 2399,03/15/2023,12/05/2023,true,994,true,M,$4.60,994
Bertine,Farington,617 545 4959,10/18/2023,12/05/2023,true,995,true,S,$1.87,995
Bessy,Albin,183 313 1626,08/31/2023,12/05/2023,true,996,true,XL,$8.80,996
Michaella,Pyford,312 321 6115,08/28/2023,12/05/2023,true,997,true,3XL,$7.77,997
Page,Magner,245 262 7497,07/29/2023,12/05/2023,false,998,false,XL,$2.46,998
Gail,Flarity,436 339 8253,07/10/2023,12/05/2023,false,999,false,S,$9.40,999
Angela,Dunlea,336 641 0391,08/11/2023,12/05/2023,false,1000,false,L,$6.02,1000
